KT,Datensatz,Überkategorie,Baustein,Unterkategorie,Ausprägung,Kennzahl,Status,Rolle,Gebiet,Wert,Einheit,Inhalt,Quelle,Link,Quellentyp,Fundstelle
AG,Schlussbericht,Selektionsstrukturen,Strukturmodell,,Geteiltes Modell,,ja,einziges,ganzer Kanton,,,Einziges Modell im Kanton AG,IDES-Kantonsumfrage,https://edudoc.ch/record/212285/files/080_081.pdf,IDES-Kantonsumfrage,Frage 80/81
AI,Schlussbericht,Selektionsstrukturen,Strukturmodell,,Geteiltes Modell,,ja,vorherrschend,ganzer Kanton,,,Vorherrschendes Modell im Kanton AI,IDES-Kantonsumfrage,https://edudoc.ch/record/212285/files/080_081.pdf,IDES-Kantonsumfrage,Frage 80/81
AI,Schlussbericht,Selektionsstrukturen,Strukturmodell,,Integriertes Modell,,ja,untergeordnet,ganzer Kanton,,,Untergeordnetes Modell im Kanton AI,IDES-Kantonsumfrage,https://edudoc.ch/record/212285/files/080_081.pdf,IDES-Kantonsumfrage,Frage 80/81
AR,Schlussbericht,Selektionsstrukturen,Strukturmodell,,Integriertes Modell,,ja,ebenbürdig,ganzer Kanton,,,Ebenbürdiges Modell im Kanton AR,IDES-Kantonsumfrage,https://edudoc.ch/record/212285/files/080_081.pdf,IDES-Kantonsumfrage,Frage 80/81
AR,Schlussbericht,Selektionsstrukturen,Strukturmodell,,Kooperatives Modell,,ja,ebenbürdig,ganzer Kanton,,,Ebenbürdiges Modell im Kanton AR,IDES-Kantonsumfrage,https://edudoc.ch/record/212285/files/080_081.pdf,IDES-Kantonsumfrage,Frage 80/81
BE,Schlussbericht,Selektionsstrukturen,Strukturmodell,,Geteiltes Modell,,ja,untergeordnet,dt. Teil,,,Untergeordnetes Modell im deutschsprachigen Teil des Kantons BE,IDES-Kantonsumfrage,https://edudoc.ch/record/212285/files/080_081.pdf,IDES-Kantonsumfrage,Frage 80/81
BE,Schlussbericht,Selektionsstrukturen,Strukturmodell,,Integriertes Modell,,ja,untergeordnet,dt. Teil,,,Untergeordnetes Modell im deutschsprachigen Teil des Kantons BE,IDES-Kantonsumfrage,https://edudoc.ch/record/212285/files/080_081.pdf,IDES-Kantonsumfrage,Frage 80/81
BE,Schlussbericht,Selektionsstrukturen,Strukturmodell,,Kooperatives Modell,,ja,vorherrschend,dt. Teil,,,Vorherrschendes Modell im deutschsprachigen Teil des Kantons BE,IDES-Kantonsumfrage,https://edudoc.ch/record/212285/files/080_081.pdf,IDES-Kantonsumfrage,Frage 80/81
BE,Schlussbericht,Selektionsstrukturen,Strukturmodell,,Kooperatives Modell,,ja,einziges,frz. Teil,,,Einziges Modell im französischsprachigen Teil des Kantons BE,IDES-Kantonsumfrage,https://edudoc.ch/record/212285/files/080_081.pdf,IDES-Kantonsumfrage,Frage 80/81
BL,Schlussbericht,Selektionsstrukturen,Strukturmodell,,Geteiltes Modell,,ja,einziges,ganzer Kanton,,,Einziges Modell im Kanton BL,IDES-Kantonsumfrage,https://edudoc.ch/record/212285/files/080_081.pdf,IDES-Kantonsumfrage,Frage 80/81
BS,Schlussbericht,Selektionsstrukturen,Strukturmodell,,Geteiltes Modell,,ja,einziges,ganzer Kanton,,,Einziges Modell im Kanton BS,IDES-Kantonsumfrage,https://edudoc.ch/record/212285/files/080_081.pdf,IDES-Kantonsumfrage,Frage 80/81
FR,Schlussbericht,Selektionsstrukturen,Strukturmodell,,Geteiltes Modell,,ja,einziges,ganzer Kanton,,,Einziges Modell im Kanton FR,IDES-Kantonsumfrage,https://edudoc.ch/record/212285/files/080_081.pdf,IDES-Kantonsumfrage,Frage 80/81
GE,Schlussbericht,Selektionsstrukturen,Strukturmodell,,Geteiltes Modell,,ja,einziges,ganzer Kanton,,,Einziges Modell im Kanton GE,IDES-Kantonsumfrage,https://edudoc.ch/record/212285/files/080_081.pdf,IDES-Kantonsumfrage,Frage 80/81
GL,Schlussbericht,Selektionsstrukturen,Strukturmodell,,Geteiltes Modell,,ja,vorherrschend,ganzer Kanton,,,Vorherrschendes Modell im Kanton GL,IDES-Kantonsumfrage,https://edudoc.ch/record/212285/files/080_081.pdf,IDES-Kantonsumfrage,Frage 80/81
GL,Schlussbericht,Selektionsstrukturen,Strukturmodell,,Integriertes Modell,,ja,untergeordnet,ganzer Kanton,,,Untergeordnetes Modell im Kanton GL,IDES-Kantonsumfrage,https://edudoc.ch/record/212285/files/080_081.pdf,IDES-Kantonsumfrage,Frage 80/81
GL,Schlussbericht,Selektionsstrukturen,Strukturmodell,,Kooperatives Modell,,ja,untergeordnet,ganzer Kanton,,,Untergeordnetes Modell im Kanton GL,IDES-Kantonsumfrage,https://edudoc.ch/record/212285/files/080_081.pdf,IDES-Kantonsumfrage,Frage 80/81
GR,Schlussbericht,Selektionsstrukturen,Strukturmodell,,Kooperatives Modell,,ja,einziges,ganzer Kanton,,,Einziges Modell im Kanton GR,IDES-Kantonsumfrage,https://edudoc.ch/record/212285/files/080_081.pdf,IDES-Kantonsumfrage,Frage 80/81
JU,Schlussbericht,Selektionsstrukturen,Strukturmodell,,Integriertes Modell,,ja,einziges,ganzer Kanton,,,Einziges Modell im Kanton JU,IDES-Kantonsumfrage,https://edudoc.ch/record/212285/files/080_081.pdf,IDES-Kantonsumfrage,Frage 80/81
LU,Schlussbericht,Selektionsstrukturen,Strukturmodell,,Geteiltes Modell,,ja,untergeordnet,ganzer Kanton,,,Untergeordnetes Modell im Kanton LU,IDES-Kantonsumfrage,https://edudoc.ch/record/212285/files/080_081.pdf,IDES-Kantonsumfrage,Frage 80/81
LU,Schlussbericht,Selektionsstrukturen,Strukturmodell,,Integriertes Modell,,ja,vorherrschend,ganzer Kanton,,,Vorherrschendes Modell im Kanton LU,IDES-Kantonsumfrage,https://edudoc.ch/record/212285/files/080_081.pdf,IDES-Kantonsumfrage,Frage 80/81
LU,Schlussbericht,Selektionsstrukturen,Strukturmodell,,Kooperatives Modell,,ja,untergeordnet,ganzer Kanton,,,Untergeordnetes Modell im Kanton LU,IDES-Kantonsumfrage,https://edudoc.ch/record/212285/files/080_081.pdf,IDES-Kantonsumfrage,Frage 80/81
NE,Schlussbericht,Selektionsstrukturen,Strukturmodell,,Integriertes Modell,,ja,einziges,ganzer Kanton,,,Einziges Modell im Kanton NE,IDES-Kantonsumfrage,https://edudoc.ch/record/212285/files/080_081.pdf,IDES-Kantonsumfrage,Frage 80/81
NW,Schlussbericht,Selektionsstrukturen,Strukturmodell,,Integriertes Modell,,ja,vorherrschend,ganzer Kanton,,,Vorherrschendes Modell im Kanton NW,IDES-Kantonsumfrage,https://edudoc.ch/record/212285/files/080_081.pdf,IDES-Kantonsumfrage,Frage 80/81
NW,Schlussbericht,Selektionsstrukturen,Strukturmodell,,Kooperatives Modell,,ja,untergeordnet,ganzer Kanton,,,Untergeordnetes Modell im Kanton NW,IDES-Kantonsumfrage,https://edudoc.ch/record/212285/files/080_081.pdf,IDES-Kantonsumfrage,Frage 80/81
OW,Schlussbericht,Selektionsstrukturen,Strukturmodell,,Integriertes Modell,,ja,einziges,ganzer Kanton,,,Einziges Modell im Kanton OW,IDES-Kantonsumfrage,https://edudoc.ch/record/212285/files/080_081.pdf,IDES-Kantonsumfrage,Frage 80/81
SG,Schlussbericht,Selektionsstrukturen,Strukturmodell,,Geteiltes Modell,,ja,vorherrschend,ganzer Kanton,,,Vorherrschendes Modell im Kanton SG,IDES-Kantonsumfrage,https://edudoc.ch/record/212285/files/080_081.pdf,IDES-Kantonsumfrage,Frage 80/81
SG,Schlussbericht,Selektionsstrukturen,Strukturmodell,,Kooperatives Modell,,ja,untergeordnet,ganzer Kanton,,,Untergeordnetes Modell im Kanton SG,IDES-Kantonsumfrage,https://edudoc.ch/record/212285/files/080_081.pdf,IDES-Kantonsumfrage,Frage 80/81
SH,Schlussbericht,Selektionsstrukturen,Strukturmodell,,Geteiltes Modell,,ja,vorherrschend,ganzer Kanton,,,Vorherrschendes Modell im Kanton SH,IDES-Kantonsumfrage,https://edudoc.ch/record/212285/files/080_081.pdf,IDES-Kantonsumfrage,Frage 80/81
SH,Schlussbericht,Selektionsstrukturen,Strukturmodell,,Kooperatives Modell,,ja,untergeordnet,ganzer Kanton,,,Untergeordnetes Modell im Kanton SH,IDES-Kantonsumfrage,https://edudoc.ch/record/212285/files/080_081.pdf,IDES-Kantonsumfrage,Frage 80/81
SO,Schlussbericht,Selektionsstrukturen,Strukturmodell,,Geteiltes Modell,,ja,einziges,ganzer Kanton,,,Einziges Modell im Kanton SO,IDES-Kantonsumfrage,https://edudoc.ch/record/212285/files/080_081.pdf,IDES-Kantonsumfrage,Frage 80/81
SZ,Schlussbericht,Selektionsstrukturen,Strukturmodell,,Geteiltes Modell,,ja,vorherrschend,ganzer Kanton,,,Vorherrschendes Modell im Kanton SZ,IDES-Kantonsumfrage,https://edudoc.ch/record/212285/files/080_081.pdf,IDES-Kantonsumfrage,Frage 80/81
SZ,Schlussbericht,Selektionsstrukturen,Strukturmodell,,Kooperatives Modell,,ja,untergeordnet,ganzer Kanton,,,Untergeordnetes Modell im Kanton SZ,IDES-Kantonsumfrage,https://edudoc.ch/record/212285/files/080_081.pdf,IDES-Kantonsumfrage,Frage 80/81
TG,Schlussbericht,Selektionsstrukturen,Strukturmodell,,Integriertes Modell,,ja,untergeordnet,ganzer Kanton,,,Untergeordnetes Modell im Kanton TG,IDES-Kantonsumfrage,https://edudoc.ch/record/212285/files/080_081.pdf,IDES-Kantonsumfrage,Frage 80/81
TG,Schlussbericht,Selektionsstrukturen,Strukturmodell,,Kooperatives Modell,,ja,vorherrschend,ganzer Kanton,,,Vorherrschendes Modell im Kanton TG,IDES-Kantonsumfrage,https://edudoc.ch/record/212285/files/080_081.pdf,IDES-Kantonsumfrage,Frage 80/81
TI,Schlussbericht,Selektionsstrukturen,Strukturmodell,,Integriertes Modell,,ja,einziges,ganzer Kanton,,,Einziges Modell im Kanton TI,IDES-Kantonsumfrage,https://edudoc.ch/record/212285/files/080_081.pdf,IDES-Kantonsumfrage,Frage 80/81
UR,Schlussbericht,Selektionsstrukturen,Strukturmodell,,Integriertes Modell,,ja,vorherrschend,ganzer Kanton,,,Vorherrschendes Modell im Kanton UR,IDES-Kantonsumfrage,https://edudoc.ch/record/212285/files/080_081.pdf,IDES-Kantonsumfrage,Frage 80/81
UR,Schlussbericht,Selektionsstrukturen,Strukturmodell,,Kooperatives Modell,,ja,untergeordnet,ganzer Kanton,,,Untergeordnetes Modell im Kanton UR,IDES-Kantonsumfrage,https://edudoc.ch/record/212285/files/080_081.pdf,IDES-Kantonsumfrage,Frage 80/81
VD,Schlussbericht,Selektionsstrukturen,Strukturmodell,,Kooperatives Modell,,ja,einziges,ganzer Kanton,,,Einziges Modell im Kanton VD,IDES-Kantonsumfrage,https://edudoc.ch/record/212285/files/080_081.pdf,IDES-Kantonsumfrage,Frage 80/81
VS,Schlussbericht,Selektionsstrukturen,Strukturmodell,,Integriertes Modell,,ja,einziges,ganzer Kanton,,,Einziges Modell im Kanton VS,IDES-Kantonsumfrage,https://edudoc.ch/record/212285/files/080_081.pdf,IDES-Kantonsumfrage,Frage 80/81
ZG,Schlussbericht,Selektionsstrukturen,Strukturmodell,,Geteiltes Modell,,ja,untergeordnet,ganzer Kanton,,,Untergeordnetes Modell im Kanton ZG,IDES-Kantonsumfrage,https://edudoc.ch/record/212285/files/080_081.pdf,IDES-Kantonsumfrage,Frage 80/81
ZG,Schlussbericht,Selektionsstrukturen,Strukturmodell,,Kooperatives Modell,,ja,vorherrschend,ganzer Kanton,,,Vorherrschendes Modell im Kanton ZG,IDES-Kantonsumfrage,https://edudoc.ch/record/212285/files/080_081.pdf,IDES-Kantonsumfrage,Frage 80/81
ZH,Schlussbericht,Selektionsstrukturen,Strukturmodell,,Geteiltes Modell,,ja,ebenbürdig,ganzer Kanton,,,Ebenbürdiges Modell im Kanton ZH,IDES-Kantonsumfrage,https://edudoc.ch/record/212285/files/080_081.pdf,IDES-Kantonsumfrage,Frage 80/81
ZH,Schlussbericht,Selektionsstrukturen,Strukturmodell,,Kooperatives Modell,,ja,ebenbürdig,ganzer Kanton,,,Ebenbürdiges Modell im Kanton ZH,IDES-Kantonsumfrage,https://edudoc.ch/record/212285/files/080_081.pdf,IDES-Kantonsumfrage,Frage 80/81
AI,Schlussbericht,Selektionsstrukturen,Gymnasialbildung,,Langzeitgymnasium,,ja,,ganzer Kanton,,,"Übertritt ab 8., 9., 10. oder 11. Schuljahr (HarmoS)",Bildungsbericht 2026,https://www.skbf-csre.ch/fileadmin/files/pdf/bildungsberichte/2026/BiBer_2026_DE.pdf,Bildungsbericht,S. 158/159
GL,Schlussbericht,Selektionsstrukturen,Gymnasialbildung,,Langzeitgymnasium,,ja,,ganzer Kanton,,,"Übertritt ab 8., 10. oder 11. Schuljahr (HarmoS)",Bildungsbericht 2026,https://www.skbf-csre.ch/fileadmin/files/pdf/bildungsberichte/2026/BiBer_2026_DE.pdf,Bildungsbericht,S. 158/159
GR,Schlussbericht,Selektionsstrukturen,Gymnasialbildung,,Langzeitgymnasium,,ja,,ganzer Kanton,,,"Übertritt ab 8., 10. oder 11. Schuljahr (HarmoS)",Bildungsbericht 2026,https://www.skbf-csre.ch/fileadmin/files/pdf/bildungsberichte/2026/BiBer_2026_DE.pdf,Bildungsbericht,S. 158/159
LU,Schlussbericht,Selektionsstrukturen,Gymnasialbildung,,Langzeitgymnasium,,ja,,ganzer Kanton,,,"Übertritt ab 8., 10. oder 11. Schuljahr (HarmoS)",Bildungsbericht 2026,https://www.skbf-csre.ch/fileadmin/files/pdf/bildungsberichte/2026/BiBer_2026_DE.pdf,Bildungsbericht,S. 158/159
NW,Schlussbericht,Selektionsstrukturen,Gymnasialbildung,,Langzeitgymnasium,,ja,,ganzer Kanton,,,"Übertritt ab 8., 10. oder 11. Schuljahr (HarmoS)",Bildungsbericht 2026,https://www.skbf-csre.ch/fileadmin/files/pdf/bildungsberichte/2026/BiBer_2026_DE.pdf,Bildungsbericht,S. 158/159
OW,Schlussbericht,Selektionsstrukturen,Gymnasialbildung,,Langzeitgymnasium,,ja,,ganzer Kanton,,,"Übertritt ab 8., 10. oder 11. Schuljahr (HarmoS)",Bildungsbericht 2026,https://www.skbf-csre.ch/fileadmin/files/pdf/bildungsberichte/2026/BiBer_2026_DE.pdf,Bildungsbericht,S. 158/159
SG,Schlussbericht,Selektionsstrukturen,Gymnasialbildung,,Langzeitgymnasium,,ja,,ganzer Kanton,,,"Übertritt ab 8., 10. oder 11. Schuljahr (HarmoS)",Bildungsbericht 2026,https://www.skbf-csre.ch/fileadmin/files/pdf/bildungsberichte/2026/BiBer_2026_DE.pdf,Bildungsbericht,S. 158/159
UR,Schlussbericht,Selektionsstrukturen,Gymnasialbildung,,Langzeitgymnasium,,ja,,ganzer Kanton,,,"Übertritt ab 8., 9., 10. oder 11. Schuljahr (HarmoS)",Bildungsbericht 2026,https://www.skbf-csre.ch/fileadmin/files/pdf/bildungsberichte/2026/BiBer_2026_DE.pdf,Bildungsbericht,S. 158/159
ZG,Schlussbericht,Selektionsstrukturen,Gymnasialbildung,,Langzeitgymnasium,,ja,,ganzer Kanton,,,"Übertritt ab 8., 10. oder 11. Schuljahr (HarmoS)",Bildungsbericht 2026,https://www.skbf-csre.ch/fileadmin/files/pdf/bildungsberichte/2026/BiBer_2026_DE.pdf,Bildungsbericht,S. 158/159
ZH,Schlussbericht,Selektionsstrukturen,Gymnasialbildung,,Langzeitgymnasium,,ja,,ganzer Kanton,,,"Übertritt ab 8., 10. oder 11. Schuljahr (HarmoS)",Bildungsbericht 2026,https://www.skbf-csre.ch/fileadmin/files/pdf/bildungsberichte/2026/BiBer_2026_DE.pdf,Bildungsbericht,S. 158/159
AG,Schlussbericht,Selektionsstrukturen,Gymnasialbildung,,Gymnasialbildung nur auf Sekundarstufe II,,ja,,ganzer Kanton,,,Übertritt nach 11. Schuljahr (HarmoS),Bildungsbericht 2026,https://www.skbf-csre.ch/fileadmin/files/pdf/bildungsberichte/2026/BiBer_2026_DE.pdf,Bildungsbericht,S. 158/159
AR,Schlussbericht,Selektionsstrukturen,Gymnasialbildung,,Gymnasialbildung nur auf Sekundarstufe II,,ja,,ganzer Kanton,,,Übertritt nach 10. oder 11. Schuljahr (HarmoS),Bildungsbericht 2026,https://www.skbf-csre.ch/fileadmin/files/pdf/bildungsberichte/2026/BiBer_2026_DE.pdf,Bildungsbericht,S. 158/159
BE,Schlussbericht,Selektionsstrukturen,Gymnasialbildung,,Gymnasialbildung nur auf Sekundarstufe II,,ja,,ganzer Kanton,,,Übertritt nach 10. oder 11. Schuljahr (DE) bzw. 11. Schuljahr (FR) (HarmoS),Bildungsbericht 2026,https://www.skbf-csre.ch/fileadmin/files/pdf/bildungsberichte/2026/BiBer_2026_DE.pdf,Bildungsbericht,S. 158/159
BL,Schlussbericht,Selektionsstrukturen,Gymnasialbildung,,Gymnasialbildung nur auf Sekundarstufe II,,ja,,ganzer Kanton,,,Übertritt nach 11. Schuljahr (HarmoS),Bildungsbericht 2026,https://www.skbf-csre.ch/fileadmin/files/pdf/bildungsberichte/2026/BiBer_2026_DE.pdf,Bildungsbericht,S. 158/159
BS,Schlussbericht,Selektionsstrukturen,Gymnasialbildung,,Gymnasialbildung nur auf Sekundarstufe II,,ja,,ganzer Kanton,,,Übertritt nach 11. Schuljahr (HarmoS),Bildungsbericht 2026,https://www.skbf-csre.ch/fileadmin/files/pdf/bildungsberichte/2026/BiBer_2026_DE.pdf,Bildungsbericht,S. 158/159
FR,Schlussbericht,Selektionsstrukturen,Gymnasialbildung,,Gymnasialbildung nur auf Sekundarstufe II,,ja,,ganzer Kanton,,,Übertritt nach 11. Schuljahr (HarmoS),Bildungsbericht 2026,https://www.skbf-csre.ch/fileadmin/files/pdf/bildungsberichte/2026/BiBer_2026_DE.pdf,Bildungsbericht,S. 158/159
GE,Schlussbericht,Selektionsstrukturen,Gymnasialbildung,,Gymnasialbildung nur auf Sekundarstufe II,,ja,,ganzer Kanton,,,Übertritt nach 11. Schuljahr (HarmoS),Bildungsbericht 2026,https://www.skbf-csre.ch/fileadmin/files/pdf/bildungsberichte/2026/BiBer_2026_DE.pdf,Bildungsbericht,S. 158/159
JU,Schlussbericht,Selektionsstrukturen,Gymnasialbildung,,Gymnasialbildung nur auf Sekundarstufe II,,ja,,ganzer Kanton,,,Übertritt nach 11. Schuljahr (HarmoS),Bildungsbericht 2026,https://www.skbf-csre.ch/fileadmin/files/pdf/bildungsberichte/2026/BiBer_2026_DE.pdf,Bildungsbericht,S. 158/159
NE,Schlussbericht,Selektionsstrukturen,Gymnasialbildung,,Gymnasialbildung nur auf Sekundarstufe II,,ja,,ganzer Kanton,,,Übertritt nach 11. Schuljahr (HarmoS),Bildungsbericht 2026,https://www.skbf-csre.ch/fileadmin/files/pdf/bildungsberichte/2026/BiBer_2026_DE.pdf,Bildungsbericht,S. 158/159
SH,Schlussbericht,Selektionsstrukturen,Gymnasialbildung,,Gymnasialbildung nur auf Sekundarstufe II,,ja,,ganzer Kanton,,,Übertritt nach 10. oder 11. Schuljahr (HarmoS),Bildungsbericht 2026,https://www.skbf-csre.ch/fileadmin/files/pdf/bildungsberichte/2026/BiBer_2026_DE.pdf,Bildungsbericht,S. 158/159
SO,Schlussbericht,Selektionsstrukturen,Gymnasialbildung,,Gymnasialbildung nur auf Sekundarstufe II,,ja,,ganzer Kanton,,,Übertritt nach 10. oder 11. Schuljahr (HarmoS),Bildungsbericht 2026,https://www.skbf-csre.ch/fileadmin/files/pdf/bildungsberichte/2026/BiBer_2026_DE.pdf,Bildungsbericht,S. 158/159
SZ,Schlussbericht,Selektionsstrukturen,Gymnasialbildung,,Gymnasialbildung nur auf Sekundarstufe II,,ja,,ganzer Kanton,,,Übertritt nach 10. oder 11. Schuljahr (HarmoS),Bildungsbericht 2026,https://www.skbf-csre.ch/fileadmin/files/pdf/bildungsberichte/2026/BiBer_2026_DE.pdf,Bildungsbericht,S. 158/159
TG,Schlussbericht,Selektionsstrukturen,Gymnasialbildung,,Gymnasialbildung nur auf Sekundarstufe II,,ja,,ganzer Kanton,,,Übertritt nach 10. oder 11. Schuljahr (HarmoS),Bildungsbericht 2026,https://www.skbf-csre.ch/fileadmin/files/pdf/bildungsberichte/2026/BiBer_2026_DE.pdf,Bildungsbericht,S. 158/159
TI,Schlussbericht,Selektionsstrukturen,Gymnasialbildung,,Gymnasialbildung nur auf Sekundarstufe II,,ja,,ganzer Kanton,,,Übertritt nach 11. Schuljahr (HarmoS),Bildungsbericht 2026,https://www.skbf-csre.ch/fileadmin/files/pdf/bildungsberichte/2026/BiBer_2026_DE.pdf,Bildungsbericht,S. 158/159
VD,Schlussbericht,Selektionsstrukturen,Gymnasialbildung,,Gymnasialbildung nur auf Sekundarstufe II,,ja,,ganzer Kanton,,,Übertritt nach 11. Schuljahr (HarmoS),Bildungsbericht 2026,https://www.skbf-csre.ch/fileadmin/files/pdf/bildungsberichte/2026/BiBer_2026_DE.pdf,Bildungsbericht,S. 158/159
VS,Schlussbericht,Selektionsstrukturen,Gymnasialbildung,,Gymnasialbildung nur auf Sekundarstufe II,,ja,,ganzer Kanton,,,Übertritt nach 10. oder 11. Schuljahr (HarmoS),Bildungsbericht 2026,https://www.skbf-csre.ch/fileadmin/files/pdf/bildungsberichte/2026/BiBer_2026_DE.pdf,Bildungsbericht,S. 158/159
AG,Schlussbericht,Selektionsstrukturen,Gymnasialbildung,,Schultyp mit hohen/progymnasialen Anforderungen,,ja,,ganzer Kanton,,,"«Die Oberstufe umfasst die dreijährigen Typen Realschule, Sekundarschule und Bezirksschule [...]. Die Bezirksschule schafft durch eine umfassende Grundausbildung die Voraussetzung für den Eintritt in die Mittelschulen und für die berufliche Ausbildung. Sie richtet sich nach den eidgenössischen Vorschriften für Maturitätsschulen aus.»",Schulgesetz (401.100),https://gesetzessammlungen.ag.ch/app/de/texts_of_law/401.100,Rechtsgrundlage,"§ 23, § 27"
BE,Schlussbericht,Selektionsstrukturen,Gymnasialbildung,,Schultyp mit hohen/progymnasialen Anforderungen,,ja,,ganzer Kanton,,,"«Die Sekundarstufe I besteht aus drei verschiedenen sections: a section p = section préparant aux écoles de maturité, b section m = section moderne, c section g = section générale.»",Direktionsverordnung über die Beurteilung und Schullaufbahnentscheide in der Volksschule (432.213.11),https://www.belex.sites.be.ch/app/de/texts_of_law/432.213.11,Rechtsgrundlage,Art. 59
BL,Schlussbericht,Selektionsstrukturen,Gymnasialbildung,,Schultyp mit hohen/progymnasialen Anforderungen,,ja,,ganzer Kanton,,,"«Die Sekundarschule weist folgende Anforderungsniveaus auf: [...] c. das Anforderungsniveau P, welches den Eintritt in das Gymnasium ermöglicht. Der Unterricht in den Anforderungsniveaus A, E und P erfolgt in den Promotionsfächern grundsätzlich in getrennten Leistungszügen.»",Bildungsgesetz (640),https://bl.clex.ch/app/de/texts_of_law/640,Rechtsgrundlage,§ 28
BS,Schlussbericht,Selektionsstrukturen,Gymnasialbildung,,Schultyp mit hohen/progymnasialen Anforderungen,,ja,,ganzer Kanton,,,"«Die Sekundarschule wird in drei kooperativen Leistungszügen geführt: a) A-Zug mit allgemeinen Anforderungen, b) E-Zug mit erweiterten Anforderungen, c) P-Zug mit hohen Anforderungen. [...] Die Sekundarschule dauert drei Jahre.»",Schulgesetz (410.100),https://www.gesetzessammlung.bs.ch/app/de/texts_of_law/410.100,Rechtsgrundlage,§ 32
FR,Schlussbericht,Selektionsstrukturen,Gymnasialbildung,,Schultyp mit hohen/progymnasialen Anforderungen,,ja,,ganzer Kanton,,,«Die Orientierungsschule umfasst folgende Klassentypen: a) die Progymnasialklasse; b) die Sekundarklasse; c) die Realklasse.»,Reglement (411.0.11),https://bdlf.fr.ch/app/de/texts_of_law/411.0.11,Rechtsgrundlage,Art. 22
GE,Schlussbericht,Selektionsstrukturen,Gymnasialbildung,,Schultyp mit hohen/progymnasialen Anforderungen,,ja,,ganzer Kanton,,,«Les deuxième et troisième années comprennent les sections suivantes: [...] c) littéraire-scientifique avec profil latin ou langues vivantes ou sciences (LS): orientation maturité gymnasiale; maturité professionnelle intégrée [...].»,Loi sur l'instruction publique (C 1 10),https://www.lexfind.ch/fe/fr/tol/31331/fr,Rechtsgrundlage,Art. 69
SO,Schlussbericht,Selektionsstrukturen,Gymnasialbildung,,Schultyp mit hohen/progymnasialen Anforderungen,,ja,,ganzer Kanton,,,"«Zuteilung der Schüler und Schülerinnen in die Anforderungsniveaus B (Anm: Basis- bzw. Grundanforderungen), E (Anm: erweiterte Anforderungen) oder P (Anm: Progymnasium, 2 Jahre) der Sekundarstufe I [...]»",Laufbahnreglement für die Volksschule (413.412),https://bgs.so.ch/app/de/texts_of_law/413.412,Rechtsgrundlage,§ 17
VD,Schlussbericht,Selektionsstrukturen,Gymnasialbildung,,Schultyp mit hohen/progymnasialen Anforderungen,,ja,,ganzer Kanton,,,"«L'enseignement y est différencié selon trois types conformément à l'article 86: l'enseignement prégymnasial, l'enseignement à niveaux et l'enseignement consolidé.» / «Dès la 9ème année, les élèves sont répartis dans les voies qui préparent aux formations scolaires et professionnelles subséquentes, et qui sont: a. la voie prégymnasiale prépare plus particulièrement aux études gymnasiales conduisant aux différents certificats de maturité [...]»",Loi enseignement obligatoire (400.02),https://www.lexfind.ch/fe/fr/tol/24290/fr,Rechtsgrundlage,"Art. 83, Art. 85"
AG,Schlussbericht,Selektionsstrukturen,Sonderpädagogik,,Sonderklassen als Schulform,,ja,,ganzer Kanton,,,Es existieren Sonderklassen. Die Verordnung der Massnahme erfolgt ohne Gutachten durch eine anerkannten Fachstelle.,INSEMA,https://www.szh.ch/de/phberninsema,INSEMA,
AI,Schlussbericht,Selektionsstrukturen,Sonderpädagogik,,Sonderklassen als Schulform,,ja,,ganzer Kanton,,,Es existieren Sonderklassen.,IDES-Kantonsumfrage,https://edudoc.ch/record/212291/files/085a.pdf,IDES-Kantonsumfrage,Frage 85a
AR,Schlussbericht,Selektionsstrukturen,Sonderpädagogik,,Sonderklassen als Schulform,,nein,,ganzer Kanton,,,Sonderklassen existieren nicht.,INSEMA,https://www.szh.ch/de/phberninsema,INSEMA,
BE,Schlussbericht,Selektionsstrukturen,Sonderpädagogik,,Sonderklassen als Schulform,,ja,,ganzer Kanton,,,Es existieren Sonderklassen. Für die Verordnung der Massnahme ist ein Gutachten durch eine anerkannten Fachstelle nötig.,INSEMA,https://www.szh.ch/de/phberninsema,INSEMA,
BL,Schlussbericht,Selektionsstrukturen,Sonderpädagogik,,Sonderklassen als Schulform,,ja,,ganzer Kanton,,,Es existieren Sonderklassen. Für die Verordnung der Massnahme ist ein Gutachten durch eine anerkannten Fachstelle nötig.,INSEMA,https://www.szh.ch/de/phberninsema,INSEMA,
BS,Schlussbericht,Selektionsstrukturen,Sonderpädagogik,,Sonderklassen als Schulform,,ja,,ganzer Kanton,,,Es existieren Sonderklassen. Für die Verordnung der Massnahme ist ein Gutachten durch eine anerkannten Fachstelle nötig.,INSEMA,https://www.szh.ch/de/phberninsema,INSEMA,
FR,Schlussbericht,Selektionsstrukturen,Sonderpädagogik,,Sonderklassen als Schulform,,nein,,ganzer Kanton,,,Sonderklassen existieren nicht.,INSEMA,https://www.szh.ch/de/phberninsema,INSEMA,
GE,Schlussbericht,Selektionsstrukturen,Sonderpädagogik,,Sonderklassen als Schulform,,ja,,ganzer Kanton,,,Es existieren Sonderklassen. Für die Verordnung der Massnahme ist ein Gutachten durch eine anerkannten Fachstelle nötig.,INSEMA,https://www.szh.ch/de/phberninsema,INSEMA,
GL,Schlussbericht,Selektionsstrukturen,Sonderpädagogik,,Sonderklassen als Schulform,,ja,,ganzer Kanton,,,Es existieren Sonderklassen. Die Verordnung der Massnahme erfolgt ohne Gutachten durch eine anerkannten Fachstelle.,INSEMA,https://www.szh.ch/de/phberninsema,INSEMA,
GR,Schlussbericht,Selektionsstrukturen,Sonderpädagogik,,Sonderklassen als Schulform,,nein,,ganzer Kanton,,,Sonderklassen existieren nicht.,INSEMA,https://www.szh.ch/de/phberninsema,INSEMA,
JU,Schlussbericht,Selektionsstrukturen,Sonderpädagogik,,Sonderklassen als Schulform,,ja,,ganzer Kanton,,,Es existieren Sonderklassen. Die Verordnung der Massnahme erfolgt ohne Gutachten durch eine anerkannten Fachstelle.,INSEMA,https://www.szh.ch/de/phberninsema,INSEMA,
LU,Schlussbericht,Selektionsstrukturen,Sonderpädagogik,,Sonderklassen als Schulform,,nein,,ganzer Kanton,,,Sonderklassen existieren nicht.,INSEMA,https://www.szh.ch/de/phberninsema,INSEMA,
NE,Schlussbericht,Selektionsstrukturen,Sonderpädagogik,,Sonderklassen als Schulform,,ja,,ganzer Kanton,,,Es existieren Sonderklassen. Die Verordnung der Massnahme erfolgt ohne Gutachten durch eine anerkannten Fachstelle.,INSEMA,https://www.szh.ch/de/phberninsema,INSEMA,
NW,Schlussbericht,Selektionsstrukturen,Sonderpädagogik,,Sonderklassen als Schulform,,ja,,ganzer Kanton,,,Es existieren Sonderklassen. Für die Verordnung der Massnahme ist ein Gutachten durch eine anerkannten Fachstelle nötig.,INSEMA,https://www.szh.ch/de/phberninsema,INSEMA,
OW,Schlussbericht,Selektionsstrukturen,Sonderpädagogik,,Sonderklassen als Schulform,,nein,,ganzer Kanton,,,Sonderklassen existieren nicht.,INSEMA,https://www.szh.ch/de/phberninsema,INSEMA,
SG,Schlussbericht,Selektionsstrukturen,Sonderpädagogik,,Sonderklassen als Schulform,,ja,,ganzer Kanton,,,Es existieren Sonderklassen. Für die Verordnung der Massnahme ist ein Gutachten durch eine anerkannten Fachstelle nötig.,INSEMA,https://www.szh.ch/de/phberninsema,INSEMA,
SH,Schlussbericht,Selektionsstrukturen,Sonderpädagogik,,Sonderklassen als Schulform,,ja,,ganzer Kanton,,,Es existieren Sonderklassen. Für die Verordnung der Massnahme ist ein Gutachten durch eine anerkannten Fachstelle nötig.,INSEMA,https://www.szh.ch/de/phberninsema,INSEMA,
SO,Schlussbericht,Selektionsstrukturen,Sonderpädagogik,,Sonderklassen als Schulform,,ja,,ganzer Kanton,,,Es existieren Sonderklassen. Für die Verordnung der Massnahme ist ein Gutachten durch eine anerkannten Fachstelle nötig.,INSEMA,https://www.szh.ch/de/phberninsema,INSEMA,
SZ,Schlussbericht,Selektionsstrukturen,Sonderpädagogik,,Sonderklassen als Schulform,,ja,,ganzer Kanton,,,Es existieren Sonderklassen. Für die Verordnung der Massnahme ist ein Gutachten durch eine anerkannten Fachstelle nötig.,INSEMA,https://www.szh.ch/de/phberninsema,INSEMA,
TG,Schlussbericht,Selektionsstrukturen,Sonderpädagogik,,Sonderklassen als Schulform,,ja,,ganzer Kanton,,,Es existieren Sonderklassen. Für die Verordnung der Massnahme ist ein Gutachten durch eine anerkannten Fachstelle nötig.,INSEMA,https://www.szh.ch/de/phberninsema,INSEMA,
TI,Schlussbericht,Selektionsstrukturen,Sonderpädagogik,,Sonderklassen als Schulform,,nein,,ganzer Kanton,,,Sonderklassen existieren nicht.,INSEMA,https://www.szh.ch/de/phberninsema,INSEMA,
UR,Schlussbericht,Selektionsstrukturen,Sonderpädagogik,,Sonderklassen als Schulform,,ja,,ganzer Kanton,,,Es existieren Sonderklassen. Die Verordnung der Massnahme erfolgt ohne Gutachten durch eine anerkannten Fachstelle.,INSEMA,https://www.szh.ch/de/phberninsema,INSEMA,
VD,Schlussbericht,Selektionsstrukturen,Sonderpädagogik,,Sonderklassen als Schulform,,ja,,ganzer Kanton,,,Es existieren Sonderklassen. Für die Verordnung der Massnahme ist ein Gutachten durch eine anerkannten Fachstelle nötig.,INSEMA,https://www.szh.ch/de/phberninsema,INSEMA,
VS,Schlussbericht,Selektionsstrukturen,Sonderpädagogik,,Sonderklassen als Schulform,,ja,,ganzer Kanton,,,Es existieren Sonderklassen. Für die Verordnung der Massnahme ist ein Gutachten durch eine anerkannten Fachstelle nötig.,INSEMA,https://www.szh.ch/de/phberninsema,INSEMA,
ZG,Schlussbericht,Selektionsstrukturen,Sonderpädagogik,,Sonderklassen als Schulform,,ja,,ganzer Kanton,,,Es existieren Sonderklassen. Für die Verordnung der Massnahme ist ein Gutachten durch eine anerkannten Fachstelle nötig.,INSEMA,https://www.szh.ch/de/phberninsema,INSEMA,
ZH,Schlussbericht,Selektionsstrukturen,Sonderpädagogik,,Sonderklassen als Schulform,,ja,,ganzer Kanton,,,Es existieren Sonderklassen. Die Verordnung der Massnahme erfolgt ohne Gutachten durch eine anerkannten Fachstelle.,INSEMA,https://www.szh.ch/de/phberninsema,INSEMA,
GE,Schlussbericht,Selektionsstrukturen,Aufbau der Sekundarstufe I,,Eingangsphase und graduelle Selektion,,ja,,ganzer Kanton,,,"«Tous les établissements du cycle d'orientation ont la même structure.» / «La première année les élèves sont répartis en 3 regroupements, aux niveaux déterminés, sur la base des acquis certifiés à l'issue du degré primaire. Dans chaque regroupement, l'élève approfondit et développe ses connaissances et ses compétences pour s'orienter dans l'une des 3 sections des 2 années suivantes en fonction de ses choix et de ses résultats.» / «Au cours de la première année, les mêmes disciplines sont enseignées dans les 3 regroupements.» / «Les deuxième et troisième années comprennent les sections suivantes: a) communication et technologie (CT) [...] b) langues vivantes et communication (LC) [...] c) littéraire-scientifique [...] (LS)» (Anm: 1-jährige Eingangsphase mit identischem Fächerkanon im 9. Schuljahr; Aufteilung in getrennte Schultypen/Sektionen erfolgt erst ab dem 10. Schuljahr)",Loi sur l'instruction publique (C 1 10),https://www.lexfind.ch/fe/fr/tol/31331/fr,Rechtsgrundlage,"Art. 69, 70, 72"
TI,Schlussbericht,Selektionsstrukturen,Aufbau der Sekundarstufe I,,Eingangsphase und graduelle Selektion,,ja,,ganzer Kanton,,,"«La scuola media comprende 4 classi di un anno ciascuna e si suddivide: a) in un ciclo di osservazione, per le prime due classi; b) in un ciclo di orientamento, per le due classi successive.» «Il ciclo di osservazione si propone di scoprire e sviluppare, ad opera dei docenti e degli orientatori, le qualità di ogni allievo e di favorire l'orientamento scolastico.» «Ogni allievo licenziato dalla scuola elementare passa al ciclo di osservazione della scuola media.» «Il ciclo d'orientamento si propone di dare agli allievi la possibilità di valutare le loro capacità e di definire i loro interessi scolastici e professionali.» «A tal fine l'insegnamento comprende: a) una parte comune a tutti gli allievi, composta di materie obbligatorie; b) una parte differenziata, composta di corsi a due livelli in alcune materie obbligatorie, di opzioni d'approfondimento e di opzioni d'orientamento.» (Anm: Zweijährige unselektierte Eingangsphase in gemeinsamen Stammklassen. Leistungsdifferenzierung in Niveaukurse setzt erst ab der 3. Klasse der Scuola media ein.)",Legge sulla scuola media (412.100),https://www.lexfind.ch/fe/it/tol/19867/it,Rechtsgrundlage,"Art. 5, 6, 7, 12"
VS,Schlussbericht,Selektionsstrukturen,Aufbau der Sekundarstufe I,,Eingangsphase und graduelle Selektion,,ja,,ganzer Kanton,,,"«Le CO est organisé sur trois ans en classes hétérogènes. Les disciplines expressément prévues dans la présente loi sont dispensées en cours à deux niveaux. Pour les disciplines en question, les élèves sont répartis année après année dans des niveaux différenciés afin de favoriser au mieux une orientation progressive en fonction de leurs goûts et aptitudes.» «La première année regroupe tous les élèves en classes hétérogènes sauf pour la langue d'enseignement (L1) et les mathématiques qui sont enseignées à deux niveaux.» (Anm: Keine Trennung in unterschiedliche Stammklassen; schrittweiser Aufbau der Niveaukurse, beginnend im 1. Jahr mit lediglich zwei differenzierten Fächern.)",Loi sur le cycle d'orientation (411.2),https://lex.vs.ch/app/de/texts_of_law/411.2,Rechtsgrundlage,"Art. 23, 24"
AG,Schlussbericht,Selektionsstrukturen,Modellvielfalt,,Kantonal vorgegebenes Schulmodell,,ja,,ganzer Kanton,,,Geteiltes Modell,IDES-Kantonsumfrage,https://edudoc.ch/record/212284/files/079.pdf,IDES-Kantonsumfrage,Frage 79
AI,Schlussbericht,Selektionsstrukturen,Modellvielfalt,,Mehrere parallele Strukturmodelle zugelassen,,ja,,ganzer Kanton,,,Geteiltes Modell (vorherrschend) und Integriertes Modell (untergeordnet),IDES-Kantonsumfrage,https://edudoc.ch/record/212284/files/079.pdf,IDES-Kantonsumfrage,Frage 79
AR,Schlussbericht,Selektionsstrukturen,Modellvielfalt,,Mehrere parallele Strukturmodelle zugelassen,,ja,,ganzer Kanton,,,Integriertes Modell (ebenbürdig) und Kooperatives Modell (ebenbürdig),IDES-Kantonsumfrage,https://edudoc.ch/record/212284/files/079.pdf,IDES-Kantonsumfrage,Frage 79
BE,Schlussbericht,Selektionsstrukturen,Modellvielfalt,,Mehrere parallele Strukturmodelle zugelassen,,ja,,ganzer Kanton,,,"Kooperatives Modell (vorherrschend dt. Teil / frz. Teil), Geteiltes Modell (untergeordnet dt. Teil) und Integriertes Modell (untergeordnet dt. Teil)",IDES-Kantonsumfrage,https://edudoc.ch/record/212284/files/079.pdf,IDES-Kantonsumfrage,Frage 79
BL,Schlussbericht,Selektionsstrukturen,Modellvielfalt,,Kantonal vorgegebenes Schulmodell,,ja,,ganzer Kanton,,,Geteiltes Modell,IDES-Kantonsumfrage,https://edudoc.ch/record/212284/files/079.pdf,IDES-Kantonsumfrage,Frage 79
BS,Schlussbericht,Selektionsstrukturen,Modellvielfalt,,Kantonal vorgegebenes Schulmodell,,ja,,ganzer Kanton,,,Geteiltes Modell,IDES-Kantonsumfrage,https://edudoc.ch/record/212284/files/079.pdf,IDES-Kantonsumfrage,Frage 79
FR,Schlussbericht,Selektionsstrukturen,Modellvielfalt,,Kantonal vorgegebenes Schulmodell,,ja,,ganzer Kanton,,,Geteiltes Modell,IDES-Kantonsumfrage,https://edudoc.ch/record/212284/files/079.pdf,IDES-Kantonsumfrage,Frage 79
GE,Schlussbericht,Selektionsstrukturen,Modellvielfalt,,Kantonal vorgegebenes Schulmodell,,ja,,ganzer Kanton,,,Geteiltes Modell,IDES-Kantonsumfrage,https://edudoc.ch/record/212284/files/079.pdf,IDES-Kantonsumfrage,Frage 79
GL,Schlussbericht,Selektionsstrukturen,Modellvielfalt,,Mehrere parallele Strukturmodelle zugelassen,,ja,,ganzer Kanton,,,"Geteiltes Modell (vorherrschend), Integriertes Modell (untergeordnet) und Kooperatives Modell (untergeordnet)",IDES-Kantonsumfrage,https://edudoc.ch/record/212284/files/079.pdf,IDES-Kantonsumfrage,Frage 79
GR,Schlussbericht,Selektionsstrukturen,Modellvielfalt,,Kantonal vorgegebenes Schulmodell,,ja,,ganzer Kanton,,,Kooperatives Modell,IDES-Kantonsumfrage,https://edudoc.ch/record/212284/files/079.pdf,IDES-Kantonsumfrage,Frage 79
JU,Schlussbericht,Selektionsstrukturen,Modellvielfalt,,Kantonal vorgegebenes Schulmodell,,ja,,ganzer Kanton,,,Integriertes Modell,IDES-Kantonsumfrage,https://edudoc.ch/record/212284/files/079.pdf,IDES-Kantonsumfrage,Frage 79
LU,Schlussbericht,Selektionsstrukturen,Modellvielfalt,,Mehrere parallele Strukturmodelle zugelassen,,ja,,ganzer Kanton,,,"Integriertes Modell (vorherrschend), Geteiltes Modell (untergeordnet) und Kooperatives Modell (untergeordnet)",IDES-Kantonsumfrage,https://edudoc.ch/record/212284/files/079.pdf,IDES-Kantonsumfrage,Frage 79
NE,Schlussbericht,Selektionsstrukturen,Modellvielfalt,,Kantonal vorgegebenes Schulmodell,,ja,,ganzer Kanton,,,Integriertes Modell,IDES-Kantonsumfrage,https://edudoc.ch/record/212284/files/079.pdf,IDES-Kantonsumfrage,Frage 79
NW,Schlussbericht,Selektionsstrukturen,Modellvielfalt,,Mehrere parallele Strukturmodelle zugelassen,,ja,,ganzer Kanton,,,Integriertes Modell (vorherrschend) und Kooperatives Modell (untergeordnet),IDES-Kantonsumfrage,https://edudoc.ch/record/212284/files/079.pdf,IDES-Kantonsumfrage,Frage 79
OW,Schlussbericht,Selektionsstrukturen,Modellvielfalt,,Mehrere parallele Strukturmodelle zugelassen,,ja,,ganzer Kanton,,,Integriertes Modell. Kooperatives Modell ebenfalls zugelassen aber nicht umgesetzt,IDES-Kantonsumfrage,https://edudoc.ch/record/212284/files/079.pdf,IDES-Kantonsumfrage,Frage 79
SG,Schlussbericht,Selektionsstrukturen,Modellvielfalt,,Mehrere parallele Strukturmodelle zugelassen,,ja,,ganzer Kanton,,,Geteiltes Modell (vorherrschend) und Kooperatives Modell (untergeordnet),IDES-Kantonsumfrage,https://edudoc.ch/record/212284/files/079.pdf,IDES-Kantonsumfrage,Frage 79
SH,Schlussbericht,Selektionsstrukturen,Modellvielfalt,,Mehrere parallele Strukturmodelle zugelassen,,ja,,ganzer Kanton,,,Geteiltes Modell (vorherrschend) und Kooperatives Modell (untergeordnet),IDES-Kantonsumfrage,https://edudoc.ch/record/212284/files/079.pdf,IDES-Kantonsumfrage,Frage 79
SO,Schlussbericht,Selektionsstrukturen,Modellvielfalt,,Kantonal vorgegebenes Schulmodell,,ja,,ganzer Kanton,,,Geteiltes Modell,IDES-Kantonsumfrage,https://edudoc.ch/record/212284/files/079.pdf,IDES-Kantonsumfrage,Frage 79
SZ,Schlussbericht,Selektionsstrukturen,Modellvielfalt,,Mehrere parallele Strukturmodelle zugelassen,,ja,,ganzer Kanton,,,Geteiltes Modell (vorherrschend) und Kooperatives Modell (untergeordnet),IDES-Kantonsumfrage,https://edudoc.ch/record/212284/files/079.pdf,IDES-Kantonsumfrage,Frage 79
TG,Schlussbericht,Selektionsstrukturen,Modellvielfalt,,Mehrere parallele Strukturmodelle zugelassen,,ja,,ganzer Kanton,,,Kooperatives Modell (vorherrschend) und Integriertes Modell (untergeordnet),IDES-Kantonsumfrage,https://edudoc.ch/record/212284/files/079.pdf,IDES-Kantonsumfrage,Frage 79
TI,Schlussbericht,Selektionsstrukturen,Modellvielfalt,,Kantonal vorgegebenes Schulmodell,,ja,,ganzer Kanton,,,Integriertes Modell,IDES-Kantonsumfrage,https://edudoc.ch/record/212284/files/079.pdf,IDES-Kantonsumfrage,Frage 79
UR,Schlussbericht,Selektionsstrukturen,Modellvielfalt,,Mehrere parallele Strukturmodelle zugelassen,,ja,,ganzer Kanton,,,Integriertes Modell (vorherrschend) und Kooperatives Modell (untergeordnet),IDES-Kantonsumfrage,https://edudoc.ch/record/212284/files/079.pdf,IDES-Kantonsumfrage,Frage 79
VD,Schlussbericht,Selektionsstrukturen,Modellvielfalt,,Kantonal vorgegebenes Schulmodell,,ja,,ganzer Kanton,,,Kooperatives Modell,IDES-Kantonsumfrage,https://edudoc.ch/record/212284/files/079.pdf,IDES-Kantonsumfrage,Frage 79
VS,Schlussbericht,Selektionsstrukturen,Modellvielfalt,,Kantonal vorgegebenes Schulmodell,,ja,,ganzer Kanton,,,Integriertes Modell,IDES-Kantonsumfrage,https://edudoc.ch/record/212284/files/079.pdf,IDES-Kantonsumfrage,Frage 79
ZG,Schlussbericht,Selektionsstrukturen,Modellvielfalt,,Mehrere parallele Strukturmodelle zugelassen,,ja,,ganzer Kanton,,,Kooperatives Modell (vorherrschend) und Geteiltes Modell (untergeordnet),IDES-Kantonsumfrage,https://edudoc.ch/record/212284/files/079.pdf,IDES-Kantonsumfrage,Frage 79
ZH,Schlussbericht,Selektionsstrukturen,Modellvielfalt,,Mehrere parallele Strukturmodelle zugelassen,,ja,,ganzer Kanton,,,Geteiltes Modell (ebenbürdig) und Kooperatives Modell (ebenbürdig),IDES-Kantonsumfrage,https://edudoc.ch/record/212284/files/079.pdf,IDES-Kantonsumfrage,Frage 79
AG,Schlussbericht,Selektionsmechanismen,Allokation auf verschiedene Anforderungsniveaus,,Überdurchschnittlich hohe Zuweisung zu Schulformen mit Grundanforderungen,Zuweisungsquote Grundanforderungen,ja,,ganzer Kanton,22.6,%,Zuweisungsquote zur Schulform mit Grundansprüchen: 22.6%,BFS: Selektion auf der Sekundarstufe I – Daten des Indikators 2024/25,https://www.bfs.admin.ch/bfs/de/home/statistiken/bildung-wissenschaft/bildungsindikatoren/indicators/selektion-seki.assetdetail.36520034.html,BFS,T3
AI,Schlussbericht,Selektionsmechanismen,Allokation auf verschiedene Anforderungsniveaus,,Überdurchschnittlich hohe Zuweisung zu Schulformen mit Grundanforderungen,Zuweisungsquote Grundanforderungen,ja,,ganzer Kanton,28.1,%,Zuweisungsquote zur Schulform mit Grundansprüchen: 28.1%,BFS: Selektion auf der Sekundarstufe I – Daten des Indikators 2024/25,https://www.bfs.admin.ch/bfs/de/home/statistiken/bildung-wissenschaft/bildungsindikatoren/indicators/selektion-seki.assetdetail.36520034.html,BFS,T3
AR,Schlussbericht,Selektionsmechanismen,Allokation auf verschiedene Anforderungsniveaus,,Überdurchschnittlich hohe Zuweisung zu Schulformen mit Grundanforderungen,Zuweisungsquote Grundanforderungen,ja,,ganzer Kanton,39.7,%,Zuweisungsquote zur Schulform mit Grundansprüchen: 39.7%,BFS: Selektion auf der Sekundarstufe I – Daten des Indikators 2024/25,https://www.bfs.admin.ch/bfs/de/home/statistiken/bildung-wissenschaft/bildungsindikatoren/indicators/selektion-seki.assetdetail.36520034.html,BFS,T3
BE,Schlussbericht,Selektionsmechanismen,Allokation auf verschiedene Anforderungsniveaus,,Überdurchschnittlich hohe Zuweisung zu Schulformen mit Grundanforderungen,Zuweisungsquote Grundanforderungen,ja,,ganzer Kanton,35.0,%,Zuweisungsquote zur Schulform mit Grundansprüchen: 35.0%,BFS: Selektion auf der Sekundarstufe I – Daten des Indikators 2024/25,https://www.bfs.admin.ch/bfs/de/home/statistiken/bildung-wissenschaft/bildungsindikatoren/indicators/selektion-seki.assetdetail.36520034.html,BFS,T3
BL,Schlussbericht,Selektionsmechanismen,Allokation auf verschiedene Anforderungsniveaus,,Überdurchschnittlich hohe Zuweisung zu Schulformen mit Grundanforderungen,Zuweisungsquote Grundanforderungen,ja,,ganzer Kanton,22.9,%,Zuweisungsquote zur Schulform mit Grundansprüchen: 22.9%,BFS: Selektion auf der Sekundarstufe I – Daten des Indikators 2024/25,https://www.bfs.admin.ch/bfs/de/home/statistiken/bildung-wissenschaft/bildungsindikatoren/indicators/selektion-seki.assetdetail.36520034.html,BFS,T3
BS,Schlussbericht,Selektionsmechanismen,Allokation auf verschiedene Anforderungsniveaus,,Überdurchschnittlich hohe Zuweisung zu Schulformen mit Grundanforderungen,Zuweisungsquote Grundanforderungen,ja,,ganzer Kanton,26.0,%,Zuweisungsquote zur Schulform mit Grundansprüchen: 26.0%,BFS: Selektion auf der Sekundarstufe I – Daten des Indikators 2024/25,https://www.bfs.admin.ch/bfs/de/home/statistiken/bildung-wissenschaft/bildungsindikatoren/indicators/selektion-seki.assetdetail.36520034.html,BFS,T3
FR,Schlussbericht,Selektionsmechanismen,Allokation auf verschiedene Anforderungsniveaus,,Überdurchschnittlich hohe Zuweisung zu Schulformen mit Grundanforderungen,Zuweisungsquote Grundanforderungen,ja,,ganzer Kanton,23.6,%,Zuweisungsquote zur Schulform mit Grundansprüchen: 23.6%,BFS: Selektion auf der Sekundarstufe I – Daten des Indikators 2024/25,https://www.bfs.admin.ch/bfs/de/home/statistiken/bildung-wissenschaft/bildungsindikatoren/indicators/selektion-seki.assetdetail.36520034.html,BFS,T3
GE,Schlussbericht,Selektionsmechanismen,Allokation auf verschiedene Anforderungsniveaus,,Überdurchschnittlich hohe Zuweisung zu Schulformen mit Grundanforderungen,Zuweisungsquote Grundanforderungen,ja,,ganzer Kanton,29.2,%,Zuweisungsquote zur Schulform mit Grundansprüchen: 29.2%,BFS: Selektion auf der Sekundarstufe I – Daten des Indikators 2024/25,https://www.bfs.admin.ch/bfs/de/home/statistiken/bildung-wissenschaft/bildungsindikatoren/indicators/selektion-seki.assetdetail.36520034.html,BFS,T3
GL,Schlussbericht,Selektionsmechanismen,Allokation auf verschiedene Anforderungsniveaus,,Überdurchschnittlich hohe Zuweisung zu Schulformen mit Grundanforderungen,Zuweisungsquote Grundanforderungen,ja,,ganzer Kanton,39.1,%,Zuweisungsquote zur Schulform mit Grundansprüchen: 39.1%,BFS: Selektion auf der Sekundarstufe I – Daten des Indikators 2024/25,https://www.bfs.admin.ch/bfs/de/home/statistiken/bildung-wissenschaft/bildungsindikatoren/indicators/selektion-seki.assetdetail.36520034.html,BFS,T3
GR,Schlussbericht,Selektionsmechanismen,Allokation auf verschiedene Anforderungsniveaus,,Überdurchschnittlich hohe Zuweisung zu Schulformen mit Grundanforderungen,Zuweisungsquote Grundanforderungen,ja,,ganzer Kanton,34.7,%,Zuweisungsquote zur Schulform mit Grundansprüchen: 34.7%,BFS: Selektion auf der Sekundarstufe I – Daten des Indikators 2024/25,https://www.bfs.admin.ch/bfs/de/home/statistiken/bildung-wissenschaft/bildungsindikatoren/indicators/selektion-seki.assetdetail.36520034.html,BFS,T3
JU,Schlussbericht,Selektionsmechanismen,Allokation auf verschiedene Anforderungsniveaus,,Überdurchschnittlich hohe Zuweisung zu Schulformen mit Grundanforderungen,Zuweisungsquote Grundanforderungen,ja,,ganzer Kanton,27.8,%,Zuweisungsquote zur Schulform mit Grundansprüchen: 27.8%,BFS: Selektion auf der Sekundarstufe I – Daten des Indikators 2024/25,https://www.bfs.admin.ch/bfs/de/home/statistiken/bildung-wissenschaft/bildungsindikatoren/indicators/selektion-seki.assetdetail.36520034.html,BFS,T3
LU,Schlussbericht,Selektionsmechanismen,Allokation auf verschiedene Anforderungsniveaus,,Überdurchschnittlich hohe Zuweisung zu Schulformen mit Grundanforderungen,Zuweisungsquote Grundanforderungen,ja,,ganzer Kanton,15.9,%,Zuweisungsquote zur Schulform mit Grundansprüchen: 15.9%,BFS: Selektion auf der Sekundarstufe I – Daten des Indikators 2024/25,https://www.bfs.admin.ch/bfs/de/home/statistiken/bildung-wissenschaft/bildungsindikatoren/indicators/selektion-seki.assetdetail.36520034.html,BFS,T3
NE,Schlussbericht,Selektionsmechanismen,Allokation auf verschiedene Anforderungsniveaus,,Überdurchschnittlich hohe Zuweisung zu Schulformen mit Grundanforderungen,Zuweisungsquote Grundanforderungen,ja,,ganzer Kanton,38.9,%,Zuweisungsquote zur Schulform mit Grundansprüchen: 38.9%,BFS: Selektion auf der Sekundarstufe I – Daten des Indikators 2024/25,https://www.bfs.admin.ch/bfs/de/home/statistiken/bildung-wissenschaft/bildungsindikatoren/indicators/selektion-seki.assetdetail.36520034.html,BFS,T3
NW,Schlussbericht,Selektionsmechanismen,Allokation auf verschiedene Anforderungsniveaus,,Überdurchschnittlich hohe Zuweisung zu Schulformen mit Grundanforderungen,Zuweisungsquote Grundanforderungen,ja,,ganzer Kanton,30.9,%,Zuweisungsquote zur Schulform mit Grundansprüchen: 30.9%,BFS: Selektion auf der Sekundarstufe I – Daten des Indikators 2024/25,https://www.bfs.admin.ch/bfs/de/home/statistiken/bildung-wissenschaft/bildungsindikatoren/indicators/selektion-seki.assetdetail.36520034.html,BFS,T3
OW,Schlussbericht,Selektionsmechanismen,Allokation auf verschiedene Anforderungsniveaus,,Überdurchschnittlich hohe Zuweisung zu Schulformen mit Grundanforderungen,Zuweisungsquote Grundanforderungen,ja,,ganzer Kanton,27.9,%,Zuweisungsquote zur Schulform mit Grundansprüchen: 27.9%,BFS: Selektion auf der Sekundarstufe I – Daten des Indikators 2024/25,https://www.bfs.admin.ch/bfs/de/home/statistiken/bildung-wissenschaft/bildungsindikatoren/indicators/selektion-seki.assetdetail.36520034.html,BFS,T3
SG,Schlussbericht,Selektionsmechanismen,Allokation auf verschiedene Anforderungsniveaus,,Überdurchschnittlich hohe Zuweisung zu Schulformen mit Grundanforderungen,Zuweisungsquote Grundanforderungen,ja,,ganzer Kanton,36.3,%,Zuweisungsquote zur Schulform mit Grundansprüchen: 36.3%,BFS: Selektion auf der Sekundarstufe I – Daten des Indikators 2024/25,https://www.bfs.admin.ch/bfs/de/home/statistiken/bildung-wissenschaft/bildungsindikatoren/indicators/selektion-seki.assetdetail.36520034.html,BFS,T3
SH,Schlussbericht,Selektionsmechanismen,Allokation auf verschiedene Anforderungsniveaus,,Überdurchschnittlich hohe Zuweisung zu Schulformen mit Grundanforderungen,Zuweisungsquote Grundanforderungen,ja,,ganzer Kanton,40.2,%,Zuweisungsquote zur Schulform mit Grundansprüchen: 40.2%,BFS: Selektion auf der Sekundarstufe I – Daten des Indikators 2024/25,https://www.bfs.admin.ch/bfs/de/home/statistiken/bildung-wissenschaft/bildungsindikatoren/indicators/selektion-seki.assetdetail.36520034.html,BFS,T3
SO,Schlussbericht,Selektionsmechanismen,Allokation auf verschiedene Anforderungsniveaus,,Überdurchschnittlich hohe Zuweisung zu Schulformen mit Grundanforderungen,Zuweisungsquote Grundanforderungen,ja,,ganzer Kanton,35.6,%,Zuweisungsquote zur Schulform mit Grundansprüchen: 35.6%,BFS: Selektion auf der Sekundarstufe I – Daten des Indikators 2024/25,https://www.bfs.admin.ch/bfs/de/home/statistiken/bildung-wissenschaft/bildungsindikatoren/indicators/selektion-seki.assetdetail.36520034.html,BFS,T3
SZ,Schlussbericht,Selektionsmechanismen,Allokation auf verschiedene Anforderungsniveaus,,Überdurchschnittlich hohe Zuweisung zu Schulformen mit Grundanforderungen,Zuweisungsquote Grundanforderungen,ja,,ganzer Kanton,30.6,%,Zuweisungsquote zur Schulform mit Grundansprüchen: 30.6%,BFS: Selektion auf der Sekundarstufe I – Daten des Indikators 2024/25,https://www.bfs.admin.ch/bfs/de/home/statistiken/bildung-wissenschaft/bildungsindikatoren/indicators/selektion-seki.assetdetail.36520034.html,BFS,T3
TG,Schlussbericht,Selektionsmechanismen,Allokation auf verschiedene Anforderungsniveaus,,Überdurchschnittlich hohe Zuweisung zu Schulformen mit Grundanforderungen,Zuweisungsquote Grundanforderungen,ja,,ganzer Kanton,30.0,%,Zuweisungsquote zur Schulform mit Grundansprüchen: 30.0%,BFS: Selektion auf der Sekundarstufe I – Daten des Indikators 2024/25,https://www.bfs.admin.ch/bfs/de/home/statistiken/bildung-wissenschaft/bildungsindikatoren/indicators/selektion-seki.assetdetail.36520034.html,BFS,T3
TI,Schlussbericht,Selektionsmechanismen,Allokation auf verschiedene Anforderungsniveaus,,Überdurchschnittlich hohe Zuweisung zu Schulformen mit Grundanforderungen,Zuweisungsquote Grundanforderungen,ja,,ganzer Kanton,23.0,%,Zuweisungsquote zur Schulform mit Grundansprüchen: 23.0%,BFS: Selektion auf der Sekundarstufe I – Daten des Indikators 2024/25,https://www.bfs.admin.ch/bfs/de/home/statistiken/bildung-wissenschaft/bildungsindikatoren/indicators/selektion-seki.assetdetail.36520034.html,BFS,T3
UR,Schlussbericht,Selektionsmechanismen,Allokation auf verschiedene Anforderungsniveaus,,Überdurchschnittlich hohe Zuweisung zu Schulformen mit Grundanforderungen,Zuweisungsquote Grundanforderungen,ja,,ganzer Kanton,24.2,%,Zuweisungsquote zur Schulform mit Grundansprüchen: 24.2%,BFS: Selektion auf der Sekundarstufe I – Daten des Indikators 2024/25,https://www.bfs.admin.ch/bfs/de/home/statistiken/bildung-wissenschaft/bildungsindikatoren/indicators/selektion-seki.assetdetail.36520034.html,BFS,T3
VD,Schlussbericht,Selektionsmechanismen,Allokation auf verschiedene Anforderungsniveaus,,Überdurchschnittlich hohe Zuweisung zu Schulformen mit Grundanforderungen,Zuweisungsquote Grundanforderungen,ja,,ganzer Kanton,26.8,%,Zuweisungsquote zur Schulform mit Grundansprüchen: 26.8%,BFS: Selektion auf der Sekundarstufe I – Daten des Indikators 2024/25,https://www.bfs.admin.ch/bfs/de/home/statistiken/bildung-wissenschaft/bildungsindikatoren/indicators/selektion-seki.assetdetail.36520034.html,BFS,T3
VS,Schlussbericht,Selektionsmechanismen,Allokation auf verschiedene Anforderungsniveaus,,Überdurchschnittlich hohe Zuweisung zu Schulformen mit Grundanforderungen,Zuweisungsquote Grundanforderungen,ja,,ganzer Kanton,44.2,%,Zuweisungsquote zur Schulform mit Grundansprüchen: 44.2%,BFS: Selektion auf der Sekundarstufe I – Daten des Indikators 2024/25,https://www.bfs.admin.ch/bfs/de/home/statistiken/bildung-wissenschaft/bildungsindikatoren/indicators/selektion-seki.assetdetail.36520034.html,BFS,T3
ZG,Schlussbericht,Selektionsmechanismen,Allokation auf verschiedene Anforderungsniveaus,,Überdurchschnittlich hohe Zuweisung zu Schulformen mit Grundanforderungen,Zuweisungsquote Grundanforderungen,ja,,ganzer Kanton,25.0,%,Zuweisungsquote zur Schulform mit Grundansprüchen: 25.0%,BFS: Selektion auf der Sekundarstufe I – Daten des Indikators 2024/25,https://www.bfs.admin.ch/bfs/de/home/statistiken/bildung-wissenschaft/bildungsindikatoren/indicators/selektion-seki.assetdetail.36520034.html,BFS,T3
ZH,Schlussbericht,Selektionsmechanismen,Allokation auf verschiedene Anforderungsniveaus,,Überdurchschnittlich hohe Zuweisung zu Schulformen mit Grundanforderungen,Zuweisungsquote Grundanforderungen,ja,,ganzer Kanton,32.4,%,Zuweisungsquote zur Schulform mit Grundansprüchen: 32.4%,BFS: Selektion auf der Sekundarstufe I – Daten des Indikators 2024/25,https://www.bfs.admin.ch/bfs/de/home/statistiken/bildung-wissenschaft/bildungsindikatoren/indicators/selektion-seki.assetdetail.36520034.html,BFS,T3
AG,Schlussbericht,Selektionsmechanismen,Allokation auf verschiedene Anforderungsniveaus,,Überdurchschnittlich hohe Zuweisung zum Langzeitgymnasium / zur Schulform mit hohen (progymnasialen) Anforderungen,Eintrittsquote Gymnasium,ja,,ganzer Kanton,18.4,%,Eintrittsquote gymnasiale Maturitätsschule: 18.4% (18.4% der unter 20-jährigen Lernenden im ersten Ausbildungsjahr einer zertifizierenden Ausbildung treten in eine gymnasiale Maturitätsschule ein),BFS: Ausbildungswahl auf der Sekundarstufe II – Daten des Indikators 2024/25,https://www.bfs.admin.ch/bfs/de/home/statistiken/bildung-wissenschaft/bildungsindikatoren/indicators/selektion-seki.assetdetail.36520028.html,BFS,T3
AI,Schlussbericht,Selektionsmechanismen,Allokation auf verschiedene Anforderungsniveaus,,Überdurchschnittlich hohe Zuweisung zum Langzeitgymnasium / zur Schulform mit hohen (progymnasialen) Anforderungen,Eintrittsquote Gymnasium,ja,,ganzer Kanton,24.1,%,Eintrittsquote gymnasiale Maturitätsschule: 24.1% (24.1% der unter 20-jährigen Lernenden im ersten Ausbildungsjahr einer zertifizierenden Ausbildung treten in eine gymnasiale Maturitätsschule ein),BFS: Ausbildungswahl auf der Sekundarstufe II – Daten des Indikators 2024/25,https://www.bfs.admin.ch/bfs/de/home/statistiken/bildung-wissenschaft/bildungsindikatoren/indicators/selektion-seki.assetdetail.36520028.html,BFS,T3
AR,Schlussbericht,Selektionsmechanismen,Allokation auf verschiedene Anforderungsniveaus,,Überdurchschnittlich hohe Zuweisung zum Langzeitgymnasium / zur Schulform mit hohen (progymnasialen) Anforderungen,Eintrittsquote Gymnasium,ja,,ganzer Kanton,15.1,%,Eintrittsquote gymnasiale Maturitätsschule: 15.1% (15.1% der unter 20-jährigen Lernenden im ersten Ausbildungsjahr einer zertifizierenden Ausbildung treten in eine gymnasiale Maturitätsschule ein),BFS: Ausbildungswahl auf der Sekundarstufe II – Daten des Indikators 2024/25,https://www.bfs.admin.ch/bfs/de/home/statistiken/bildung-wissenschaft/bildungsindikatoren/indicators/selektion-seki.assetdetail.36520028.html,BFS,T3
BE,Schlussbericht,Selektionsmechanismen,Allokation auf verschiedene Anforderungsniveaus,,Überdurchschnittlich hohe Zuweisung zum Langzeitgymnasium / zur Schulform mit hohen (progymnasialen) Anforderungen,Eintrittsquote Gymnasium,ja,,ganzer Kanton,22.3,%,Eintrittsquote gymnasiale Maturitätsschule: 22.3% (22.3% der unter 20-jährigen Lernenden im ersten Ausbildungsjahr einer zertifizierenden Ausbildung treten in eine gymnasiale Maturitätsschule ein),BFS: Ausbildungswahl auf der Sekundarstufe II – Daten des Indikators 2024/25,https://www.bfs.admin.ch/bfs/de/home/statistiken/bildung-wissenschaft/bildungsindikatoren/indicators/selektion-seki.assetdetail.36520028.html,BFS,T3
BL,Schlussbericht,Selektionsmechanismen,Allokation auf verschiedene Anforderungsniveaus,,Überdurchschnittlich hohe Zuweisung zum Langzeitgymnasium / zur Schulform mit hohen (progymnasialen) Anforderungen,Eintrittsquote Gymnasium,ja,,ganzer Kanton,27.6,%,Eintrittsquote gymnasiale Maturitätsschule: 27.6% (27.6% der unter 20-jährigen Lernenden im ersten Ausbildungsjahr einer zertifizierenden Ausbildung treten in eine gymnasiale Maturitätsschule ein),BFS: Ausbildungswahl auf der Sekundarstufe II – Daten des Indikators 2024/25,https://www.bfs.admin.ch/bfs/de/home/statistiken/bildung-wissenschaft/bildungsindikatoren/indicators/selektion-seki.assetdetail.36520028.html,BFS,T3
BS,Schlussbericht,Selektionsmechanismen,Allokation auf verschiedene Anforderungsniveaus,,Überdurchschnittlich hohe Zuweisung zum Langzeitgymnasium / zur Schulform mit hohen (progymnasialen) Anforderungen,Eintrittsquote Gymnasium,ja,,ganzer Kanton,36.4,%,Eintrittsquote gymnasiale Maturitätsschule: 36.4% (36.4% der unter 20-jährigen Lernenden im ersten Ausbildungsjahr einer zertifizierenden Ausbildung treten in eine gymnasiale Maturitätsschule ein),BFS: Ausbildungswahl auf der Sekundarstufe II – Daten des Indikators 2024/25,https://www.bfs.admin.ch/bfs/de/home/statistiken/bildung-wissenschaft/bildungsindikatoren/indicators/selektion-seki.assetdetail.36520028.html,BFS,T3
FR,Schlussbericht,Selektionsmechanismen,Allokation auf verschiedene Anforderungsniveaus,,Überdurchschnittlich hohe Zuweisung zum Langzeitgymnasium / zur Schulform mit hohen (progymnasialen) Anforderungen,Eintrittsquote Gymnasium,ja,,ganzer Kanton,29.6,%,Eintrittsquote gymnasiale Maturitätsschule: 29.6% (29.6% der unter 20-jährigen Lernenden im ersten Ausbildungsjahr einer zertifizierenden Ausbildung treten in eine gymnasiale Maturitätsschule ein),BFS: Ausbildungswahl auf der Sekundarstufe II – Daten des Indikators 2024/25,https://www.bfs.admin.ch/bfs/de/home/statistiken/bildung-wissenschaft/bildungsindikatoren/indicators/selektion-seki.assetdetail.36520028.html,BFS,T3
GE,Schlussbericht,Selektionsmechanismen,Allokation auf verschiedene Anforderungsniveaus,,Überdurchschnittlich hohe Zuweisung zum Langzeitgymnasium / zur Schulform mit hohen (progymnasialen) Anforderungen,Eintrittsquote Gymnasium,ja,,ganzer Kanton,47.7,%,Eintrittsquote gymnasiale Maturitätsschule: 47.7% (47.7% der unter 20-jährigen Lernenden im ersten Ausbildungsjahr einer zertifizierenden Ausbildung treten in eine gymnasiale Maturitätsschule ein),BFS: Ausbildungswahl auf der Sekundarstufe II – Daten des Indikators 2024/25,https://www.bfs.admin.ch/bfs/de/home/statistiken/bildung-wissenschaft/bildungsindikatoren/indicators/selektion-seki.assetdetail.36520028.html,BFS,T3
GL,Schlussbericht,Selektionsmechanismen,Allokation auf verschiedene Anforderungsniveaus,,Überdurchschnittlich hohe Zuweisung zum Langzeitgymnasium / zur Schulform mit hohen (progymnasialen) Anforderungen,Eintrittsquote Gymnasium,ja,,ganzer Kanton,10.9,%,Eintrittsquote gymnasiale Maturitätsschule: 10.9% (10.9% der unter 20-jährigen Lernenden im ersten Ausbildungsjahr einer zertifizierenden Ausbildung treten in eine gymnasiale Maturitätsschule ein),BFS: Ausbildungswahl auf der Sekundarstufe II – Daten des Indikators 2024/25,https://www.bfs.admin.ch/bfs/de/home/statistiken/bildung-wissenschaft/bildungsindikatoren/indicators/selektion-seki.assetdetail.36520028.html,BFS,T3
GR,Schlussbericht,Selektionsmechanismen,Allokation auf verschiedene Anforderungsniveaus,,Überdurchschnittlich hohe Zuweisung zum Langzeitgymnasium / zur Schulform mit hohen (progymnasialen) Anforderungen,Eintrittsquote Gymnasium,ja,,ganzer Kanton,20.5,%,Eintrittsquote gymnasiale Maturitätsschule: 20.5% (20.5% der unter 20-jährigen Lernenden im ersten Ausbildungsjahr einer zertifizierenden Ausbildung treten in eine gymnasiale Maturitätsschule ein),BFS: Ausbildungswahl auf der Sekundarstufe II – Daten des Indikators 2024/25,https://www.bfs.admin.ch/bfs/de/home/statistiken/bildung-wissenschaft/bildungsindikatoren/indicators/selektion-seki.assetdetail.36520028.html,BFS,T3
JU,Schlussbericht,Selektionsmechanismen,Allokation auf verschiedene Anforderungsniveaus,,Überdurchschnittlich hohe Zuweisung zum Langzeitgymnasium / zur Schulform mit hohen (progymnasialen) Anforderungen,Eintrittsquote Gymnasium,ja,,ganzer Kanton,20.6,%,Eintrittsquote gymnasiale Maturitätsschule: 20.6% (20.6% der unter 20-jährigen Lernenden im ersten Ausbildungsjahr einer zertifizierenden Ausbildung treten in eine gymnasiale Maturitätsschule ein),BFS: Ausbildungswahl auf der Sekundarstufe II – Daten des Indikators 2024/25,https://www.bfs.admin.ch/bfs/de/home/statistiken/bildung-wissenschaft/bildungsindikatoren/indicators/selektion-seki.assetdetail.36520028.html,BFS,T3
LU,Schlussbericht,Selektionsmechanismen,Allokation auf verschiedene Anforderungsniveaus,,Überdurchschnittlich hohe Zuweisung zum Langzeitgymnasium / zur Schulform mit hohen (progymnasialen) Anforderungen,Eintrittsquote Gymnasium,ja,,ganzer Kanton,22.0,%,Eintrittsquote gymnasiale Maturitätsschule: 22.0% (22.0% der unter 20-jährigen Lernenden im ersten Ausbildungsjahr einer zertifizierenden Ausbildung treten in eine gymnasiale Maturitätsschule ein),BFS: Ausbildungswahl auf der Sekundarstufe II – Daten des Indikators 2024/25,https://www.bfs.admin.ch/bfs/de/home/statistiken/bildung-wissenschaft/bildungsindikatoren/indicators/selektion-seki.assetdetail.36520028.html,BFS,T3
NE,Schlussbericht,Selektionsmechanismen,Allokation auf verschiedene Anforderungsniveaus,,Überdurchschnittlich hohe Zuweisung zum Langzeitgymnasium / zur Schulform mit hohen (progymnasialen) Anforderungen,Eintrittsquote Gymnasium,ja,,ganzer Kanton,35.6,%,Eintrittsquote gymnasiale Maturitätsschule: 35.6% (35.6% der unter 20-jährigen Lernenden im ersten Ausbildungsjahr einer zertifizierenden Ausbildung treten in eine gymnasiale Maturitätsschule ein),BFS: Ausbildungswahl auf der Sekundarstufe II – Daten des Indikators 2024/25,https://www.bfs.admin.ch/bfs/de/home/statistiken/bildung-wissenschaft/bildungsindikatoren/indicators/selektion-seki.assetdetail.36520028.html,BFS,T3
NW,Schlussbericht,Selektionsmechanismen,Allokation auf verschiedene Anforderungsniveaus,,Überdurchschnittlich hohe Zuweisung zum Langzeitgymnasium / zur Schulform mit hohen (progymnasialen) Anforderungen,Eintrittsquote Gymnasium,ja,,ganzer Kanton,19.1,%,Eintrittsquote gymnasiale Maturitätsschule: 19.1% (19.1% der unter 20-jährigen Lernenden im ersten Ausbildungsjahr einer zertifizierenden Ausbildung treten in eine gymnasiale Maturitätsschule ein),BFS: Ausbildungswahl auf der Sekundarstufe II – Daten des Indikators 2024/25,https://www.bfs.admin.ch/bfs/de/home/statistiken/bildung-wissenschaft/bildungsindikatoren/indicators/selektion-seki.assetdetail.36520028.html,BFS,T3
OW,Schlussbericht,Selektionsmechanismen,Allokation auf verschiedene Anforderungsniveaus,,Überdurchschnittlich hohe Zuweisung zum Langzeitgymnasium / zur Schulform mit hohen (progymnasialen) Anforderungen,Eintrittsquote Gymnasium,ja,,ganzer Kanton,17.8,%,Eintrittsquote gymnasiale Maturitätsschule: 17.8% (17.8% der unter 20-jährigen Lernenden im ersten Ausbildungsjahr einer zertifizierenden Ausbildung treten in eine gymnasiale Maturitätsschule ein),BFS: Ausbildungswahl auf der Sekundarstufe II – Daten des Indikators 2024/25,https://www.bfs.admin.ch/bfs/de/home/statistiken/bildung-wissenschaft/bildungsindikatoren/indicators/selektion-seki.assetdetail.36520028.html,BFS,T3
SG,Schlussbericht,Selektionsmechanismen,Allokation auf verschiedene Anforderungsniveaus,,Überdurchschnittlich hohe Zuweisung zum Langzeitgymnasium / zur Schulform mit hohen (progymnasialen) Anforderungen,Eintrittsquote Gymnasium,ja,,ganzer Kanton,17.7,%,Eintrittsquote gymnasiale Maturitätsschule: 17.7% (17.7% der unter 20-jährigen Lernenden im ersten Ausbildungsjahr einer zertifizierenden Ausbildung treten in eine gymnasiale Maturitätsschule ein),BFS: Ausbildungswahl auf der Sekundarstufe II – Daten des Indikators 2024/25,https://www.bfs.admin.ch/bfs/de/home/statistiken/bildung-wissenschaft/bildungsindikatoren/indicators/selektion-seki.assetdetail.36520028.html,BFS,T3
SH,Schlussbericht,Selektionsmechanismen,Allokation auf verschiedene Anforderungsniveaus,,Überdurchschnittlich hohe Zuweisung zum Langzeitgymnasium / zur Schulform mit hohen (progymnasialen) Anforderungen,Eintrittsquote Gymnasium,ja,,ganzer Kanton,17.8,%,Eintrittsquote gymnasiale Maturitätsschule: 17.8% (17.8% der unter 20-jährigen Lernenden im ersten Ausbildungsjahr einer zertifizierenden Ausbildung treten in eine gymnasiale Maturitätsschule ein),BFS: Ausbildungswahl auf der Sekundarstufe II – Daten des Indikators 2024/25,https://www.bfs.admin.ch/bfs/de/home/statistiken/bildung-wissenschaft/bildungsindikatoren/indicators/selektion-seki.assetdetail.36520028.html,BFS,T3
SO,Schlussbericht,Selektionsmechanismen,Allokation auf verschiedene Anforderungsniveaus,,Überdurchschnittlich hohe Zuweisung zum Langzeitgymnasium / zur Schulform mit hohen (progymnasialen) Anforderungen,Eintrittsquote Gymnasium,ja,,ganzer Kanton,20.1,%,Eintrittsquote gymnasiale Maturitätsschule: 20.1% (20.1% der unter 20-jährigen Lernenden im ersten Ausbildungsjahr einer zertifizierenden Ausbildung treten in eine gymnasiale Maturitätsschule ein),BFS: Ausbildungswahl auf der Sekundarstufe II – Daten des Indikators 2024/25,https://www.bfs.admin.ch/bfs/de/home/statistiken/bildung-wissenschaft/bildungsindikatoren/indicators/selektion-seki.assetdetail.36520028.html,BFS,T3
SZ,Schlussbericht,Selektionsmechanismen,Allokation auf verschiedene Anforderungsniveaus,,Überdurchschnittlich hohe Zuweisung zum Langzeitgymnasium / zur Schulform mit hohen (progymnasialen) Anforderungen,Eintrittsquote Gymnasium,ja,,ganzer Kanton,20.1,%,Eintrittsquote gymnasiale Maturitätsschule: 20.1% (20.1% der unter 20-jährigen Lernenden im ersten Ausbildungsjahr einer zertifizierenden Ausbildung treten in eine gymnasiale Maturitätsschule ein),BFS: Ausbildungswahl auf der Sekundarstufe II – Daten des Indikators 2024/25,https://www.bfs.admin.ch/bfs/de/home/statistiken/bildung-wissenschaft/bildungsindikatoren/indicators/selektion-seki.assetdetail.36520028.html,BFS,T3
TG,Schlussbericht,Selektionsmechanismen,Allokation auf verschiedene Anforderungsniveaus,,Überdurchschnittlich hohe Zuweisung zum Langzeitgymnasium / zur Schulform mit hohen (progymnasialen) Anforderungen,Eintrittsquote Gymnasium,ja,,ganzer Kanton,17.2,%,Eintrittsquote gymnasiale Maturitätsschule: 17.2% (17.2% der unter 20-jährigen Lernenden im ersten Ausbildungsjahr einer zertifizierenden Ausbildung treten in eine gymnasiale Maturitätsschule ein),BFS: Ausbildungswahl auf der Sekundarstufe II – Daten des Indikators 2024/25,https://www.bfs.admin.ch/bfs/de/home/statistiken/bildung-wissenschaft/bildungsindikatoren/indicators/selektion-seki.assetdetail.36520028.html,BFS,T3
TI,Schlussbericht,Selektionsmechanismen,Allokation auf verschiedene Anforderungsniveaus,,Überdurchschnittlich hohe Zuweisung zum Langzeitgymnasium / zur Schulform mit hohen (progymnasialen) Anforderungen,Eintrittsquote Gymnasium,ja,,ganzer Kanton,36.6,%,Eintrittsquote gymnasiale Maturitätsschule: 36.6% (36.6% der unter 20-jährigen Lernenden im ersten Ausbildungsjahr einer zertifizierenden Ausbildung treten in eine gymnasiale Maturitätsschule ein),BFS: Ausbildungswahl auf der Sekundarstufe II – Daten des Indikators 2024/25,https://www.bfs.admin.ch/bfs/de/home/statistiken/bildung-wissenschaft/bildungsindikatoren/indicators/selektion-seki.assetdetail.36520028.html,BFS,T3
UR,Schlussbericht,Selektionsmechanismen,Allokation auf verschiedene Anforderungsniveaus,,Überdurchschnittlich hohe Zuweisung zum Langzeitgymnasium / zur Schulform mit hohen (progymnasialen) Anforderungen,Eintrittsquote Gymnasium,ja,,ganzer Kanton,19.5,%,Eintrittsquote gymnasiale Maturitätsschule: 19.5% (19.5% der unter 20-jährigen Lernenden im ersten Ausbildungsjahr einer zertifizierenden Ausbildung treten in eine gymnasiale Maturitätsschule ein),BFS: Ausbildungswahl auf der Sekundarstufe II – Daten des Indikators 2024/25,https://www.bfs.admin.ch/bfs/de/home/statistiken/bildung-wissenschaft/bildungsindikatoren/indicators/selektion-seki.assetdetail.36520028.html,BFS,T3
VD,Schlussbericht,Selektionsmechanismen,Allokation auf verschiedene Anforderungsniveaus,,Überdurchschnittlich hohe Zuweisung zum Langzeitgymnasium / zur Schulform mit hohen (progymnasialen) Anforderungen,Eintrittsquote Gymnasium,ja,,ganzer Kanton,45.3,%,Eintrittsquote gymnasiale Maturitätsschule: 45.3% (45.3% der unter 20-jährigen Lernenden im ersten Ausbildungsjahr einer zertifizierenden Ausbildung treten in eine gymnasiale Maturitätsschule ein),BFS: Ausbildungswahl auf der Sekundarstufe II – Daten des Indikators 2024/25,https://www.bfs.admin.ch/bfs/de/home/statistiken/bildung-wissenschaft/bildungsindikatoren/indicators/selektion-seki.assetdetail.36520028.html,BFS,T3
VS,Schlussbericht,Selektionsmechanismen,Allokation auf verschiedene Anforderungsniveaus,,Überdurchschnittlich hohe Zuweisung zum Langzeitgymnasium / zur Schulform mit hohen (progymnasialen) Anforderungen,Eintrittsquote Gymnasium,ja,,ganzer Kanton,22.5,%,Eintrittsquote gymnasiale Maturitätsschule: 22.5% (22.5% der unter 20-jährigen Lernenden im ersten Ausbildungsjahr einer zertifizierenden Ausbildung treten in eine gymnasiale Maturitätsschule ein),BFS: Ausbildungswahl auf der Sekundarstufe II – Daten des Indikators 2024/25,https://www.bfs.admin.ch/bfs/de/home/statistiken/bildung-wissenschaft/bildungsindikatoren/indicators/selektion-seki.assetdetail.36520028.html,BFS,T3
ZG,Schlussbericht,Selektionsmechanismen,Allokation auf verschiedene Anforderungsniveaus,,Überdurchschnittlich hohe Zuweisung zum Langzeitgymnasium / zur Schulform mit hohen (progymnasialen) Anforderungen,Eintrittsquote Gymnasium,ja,,ganzer Kanton,30.0,%,Eintrittsquote gymnasiale Maturitätsschule: 30.0% (30.0% der unter 20-jährigen Lernenden im ersten Ausbildungsjahr einer zertifizierenden Ausbildung treten in eine gymnasiale Maturitätsschule ein),BFS: Ausbildungswahl auf der Sekundarstufe II – Daten des Indikators 2024/25,https://www.bfs.admin.ch/bfs/de/home/statistiken/bildung-wissenschaft/bildungsindikatoren/indicators/selektion-seki.assetdetail.36520028.html,BFS,T3
ZH,Schlussbericht,Selektionsmechanismen,Allokation auf verschiedene Anforderungsniveaus,,Überdurchschnittlich hohe Zuweisung zum Langzeitgymnasium / zur Schulform mit hohen (progymnasialen) Anforderungen,Eintrittsquote Gymnasium,ja,,ganzer Kanton,24.2,%,Eintrittsquote gymnasiale Maturitätsschule: 24.2% (24.2% der unter 20-jährigen Lernenden im ersten Ausbildungsjahr einer zertifizierenden Ausbildung treten in eine gymnasiale Maturitätsschule ein),BFS: Ausbildungswahl auf der Sekundarstufe II – Daten des Indikators 2024/25,https://www.bfs.admin.ch/bfs/de/home/statistiken/bildung-wissenschaft/bildungsindikatoren/indicators/selektion-seki.assetdetail.36520028.html,BFS,T3
AG,Schlussbericht,Selektionsmechanismen,Allokation auf sonderpädagogische Schulformen,,Integrative Schulung in Regelklassen,Integrationsquote,ja,,ganzer Kanton,52.54,%,Kantonale Integrationsquote von Lernenden mit verstärkten Massnahmen: 52.54% (52.54% aller Lernenden mit verstärkten Massnahmen werden in Regelklassen unterrichtet),BFS: Lernende der Sonderpädagogik: Basistabellen 2024/25,https://www.bfs.admin.ch/bfs/de/home/statistiken/bildung-wissenschaft/personen-ausbildung/obligatorische-schule/sonderpaedagogik.assetdetail.36430068.html,BFS,TC
AI,Schlussbericht,Selektionsmechanismen,Allokation auf sonderpädagogische Schulformen,,Integrative Schulung in Regelklassen,,keine Angabe,,ganzer Kanton,,,keine Angabe,BFS: Lernende der Sonderpädagogik: Basistabellen 2024/25,https://www.bfs.admin.ch/bfs/de/home/statistiken/bildung-wissenschaft/personen-ausbildung/obligatorische-schule/sonderpaedagogik.assetdetail.36430068.html,BFS,TC
AR,Schlussbericht,Selektionsmechanismen,Allokation auf sonderpädagogische Schulformen,,Integrative Schulung in Regelklassen,Integrationsquote,ja,,ganzer Kanton,37.61,%,Kantonale Integrationsquote von Lernenden mit verstärkten Massnahmen: 37.61% (37.61% aller Lernenden mit verstärkten Massnahmen werden in Regelklassen unterrichtet),BFS: Lernende der Sonderpädagogik: Basistabellen 2024/25,https://www.bfs.admin.ch/bfs/de/home/statistiken/bildung-wissenschaft/personen-ausbildung/obligatorische-schule/sonderpaedagogik.assetdetail.36430068.html,BFS,TC
BE,Schlussbericht,Selektionsmechanismen,Allokation auf sonderpädagogische Schulformen,,Integrative Schulung in Regelklassen,Integrationsquote,ja,,ganzer Kanton,30.74,%,Kantonale Integrationsquote von Lernenden mit verstärkten Massnahmen: 30.74% (30.74% aller Lernenden mit verstärkten Massnahmen werden in Regelklassen unterrichtet),BFS: Lernende der Sonderpädagogik: Basistabellen 2024/25,https://www.bfs.admin.ch/bfs/de/home/statistiken/bildung-wissenschaft/personen-ausbildung/obligatorische-schule/sonderpaedagogik.assetdetail.36430068.html,BFS,TC
BL,Schlussbericht,Selektionsmechanismen,Allokation auf sonderpädagogische Schulformen,,Integrative Schulung in Regelklassen,Integrationsquote,ja,,ganzer Kanton,38.75,%,Kantonale Integrationsquote von Lernenden mit verstärkten Massnahmen: 38.75% (38.75% aller Lernenden mit verstärkten Massnahmen werden in Regelklassen unterrichtet),BFS: Lernende der Sonderpädagogik: Basistabellen 2024/25,https://www.bfs.admin.ch/bfs/de/home/statistiken/bildung-wissenschaft/personen-ausbildung/obligatorische-schule/sonderpaedagogik.assetdetail.36430068.html,BFS,TC
BS,Schlussbericht,Selektionsmechanismen,Allokation auf sonderpädagogische Schulformen,,Integrative Schulung in Regelklassen,Integrationsquote,ja,,ganzer Kanton,55.15,%,Kantonale Integrationsquote von Lernenden mit verstärkten Massnahmen: 55.15% (55.15% aller Lernenden mit verstärkten Massnahmen werden in Regelklassen unterrichtet),BFS: Lernende der Sonderpädagogik: Basistabellen 2024/25,https://www.bfs.admin.ch/bfs/de/home/statistiken/bildung-wissenschaft/personen-ausbildung/obligatorische-schule/sonderpaedagogik.assetdetail.36430068.html,BFS,TC
FR,Schlussbericht,Selektionsmechanismen,Allokation auf sonderpädagogische Schulformen,,Integrative Schulung in Regelklassen,Integrationsquote,ja,,ganzer Kanton,50.72,%,Kantonale Integrationsquote von Lernenden mit verstärkten Massnahmen: 50.72% (50.72% aller Lernenden mit verstärkten Massnahmen werden in Regelklassen unterrichtet),BFS: Lernende der Sonderpädagogik: Basistabellen 2024/25,https://www.bfs.admin.ch/bfs/de/home/statistiken/bildung-wissenschaft/personen-ausbildung/obligatorische-schule/sonderpaedagogik.assetdetail.36430068.html,BFS,TC
GE,Schlussbericht,Selektionsmechanismen,Allokation auf sonderpädagogische Schulformen,,Integrative Schulung in Regelklassen,Integrationsquote,ja,,ganzer Kanton,17.13,%,Kantonale Integrationsquote von Lernenden mit verstärkten Massnahmen: 17.13% (17.13% aller Lernenden mit verstärkten Massnahmen werden in Regelklassen unterrichtet),BFS: Lernende der Sonderpädagogik: Basistabellen 2024/25,https://www.bfs.admin.ch/bfs/de/home/statistiken/bildung-wissenschaft/personen-ausbildung/obligatorische-schule/sonderpaedagogik.assetdetail.36430068.html,BFS,TC
GL,Schlussbericht,Selektionsmechanismen,Allokation auf sonderpädagogische Schulformen,,Integrative Schulung in Regelklassen,Integrationsquote,ja,,ganzer Kanton,44.7,%,Kantonale Integrationsquote von Lernenden mit verstärkten Massnahmen: 44.70% (44.70% aller Lernenden mit verstärkten Massnahmen werden in Regelklassen unterrichtet),BFS: Lernende der Sonderpädagogik: Basistabellen 2024/25,https://www.bfs.admin.ch/bfs/de/home/statistiken/bildung-wissenschaft/personen-ausbildung/obligatorische-schule/sonderpaedagogik.assetdetail.36430068.html,BFS,TC
GR,Schlussbericht,Selektionsmechanismen,Allokation auf sonderpädagogische Schulformen,,Integrative Schulung in Regelklassen,Integrationsquote,ja,,ganzer Kanton,50.99,%,Kantonale Integrationsquote von Lernenden mit verstärkten Massnahmen: 50.99% (50.99% aller Lernenden mit verstärkten Massnahmen werden in Regelklassen unterrichtet),BFS: Lernende der Sonderpädagogik: Basistabellen 2024/25,https://www.bfs.admin.ch/bfs/de/home/statistiken/bildung-wissenschaft/personen-ausbildung/obligatorische-schule/sonderpaedagogik.assetdetail.36430068.html,BFS,TC
JU,Schlussbericht,Selektionsmechanismen,Allokation auf sonderpädagogische Schulformen,,Integrative Schulung in Regelklassen,Integrationsquote,ja,,ganzer Kanton,54.17,%,Kantonale Integrationsquote von Lernenden mit verstärkten Massnahmen: 54.17% (54.17% aller Lernenden mit verstärkten Massnahmen werden in Regelklassen unterrichtet),BFS: Lernende der Sonderpädagogik: Basistabellen 2024/25,https://www.bfs.admin.ch/bfs/de/home/statistiken/bildung-wissenschaft/personen-ausbildung/obligatorische-schule/sonderpaedagogik.assetdetail.36430068.html,BFS,TC
LU,Schlussbericht,Selektionsmechanismen,Allokation auf sonderpädagogische Schulformen,,Integrative Schulung in Regelklassen,Integrationsquote,ja,,ganzer Kanton,55.17,%,Kantonale Integrationsquote von Lernenden mit verstärkten Massnahmen: 55.17% (55.17% aller Lernenden mit verstärkten Massnahmen werden in Regelklassen unterrichtet),BFS: Lernende der Sonderpädagogik: Basistabellen 2024/25,https://www.bfs.admin.ch/bfs/de/home/statistiken/bildung-wissenschaft/personen-ausbildung/obligatorische-schule/sonderpaedagogik.assetdetail.36430068.html,BFS,TC
NE,Schlussbericht,Selektionsmechanismen,Allokation auf sonderpädagogische Schulformen,,Integrative Schulung in Regelklassen,Integrationsquote,ja,,ganzer Kanton,43.77,%,Kantonale Integrationsquote von Lernenden mit verstärkten Massnahmen: 43.77% (43.77% aller Lernenden mit verstärkten Massnahmen werden in Regelklassen unterrichtet),BFS: Lernende der Sonderpädagogik: Basistabellen 2024/25,https://www.bfs.admin.ch/bfs/de/home/statistiken/bildung-wissenschaft/personen-ausbildung/obligatorische-schule/sonderpaedagogik.assetdetail.36430068.html,BFS,TC
NW,Schlussbericht,Selektionsmechanismen,Allokation auf sonderpädagogische Schulformen,,Integrative Schulung in Regelklassen,Integrationsquote,ja,,ganzer Kanton,72.12,%,Kantonale Integrationsquote von Lernenden mit verstärkten Massnahmen: 72.12% (72.12% aller Lernenden mit verstärkten Massnahmen werden in Regelklassen unterrichtet),BFS: Lernende der Sonderpädagogik: Basistabellen 2024/25,https://www.bfs.admin.ch/bfs/de/home/statistiken/bildung-wissenschaft/personen-ausbildung/obligatorische-schule/sonderpaedagogik.assetdetail.36430068.html,BFS,TC
OW,Schlussbericht,Selektionsmechanismen,Allokation auf sonderpädagogische Schulformen,,Integrative Schulung in Regelklassen,Integrationsquote,ja,,ganzer Kanton,77.71,%,Kantonale Integrationsquote von Lernenden mit verstärkten Massnahmen: 77.71% (77.71% aller Lernenden mit verstärkten Massnahmen werden in Regelklassen unterrichtet),BFS: Lernende der Sonderpädagogik: Basistabellen 2024/25,https://www.bfs.admin.ch/bfs/de/home/statistiken/bildung-wissenschaft/personen-ausbildung/obligatorische-schule/sonderpaedagogik.assetdetail.36430068.html,BFS,TC
SG,Schlussbericht,Selektionsmechanismen,Allokation auf sonderpädagogische Schulformen,,Integrative Schulung in Regelklassen,Integrationsquote,ja,,ganzer Kanton,2.24,%,Kantonale Integrationsquote von Lernenden mit verstärkten Massnahmen: 2.24% (2.24% aller Lernenden mit verstärkten Massnahmen werden in Regelklassen unterrichtet),BFS: Lernende der Sonderpädagogik: Basistabellen 2024/25,https://www.bfs.admin.ch/bfs/de/home/statistiken/bildung-wissenschaft/personen-ausbildung/obligatorische-schule/sonderpaedagogik.assetdetail.36430068.html,BFS,TC
SH,Schlussbericht,Selektionsmechanismen,Allokation auf sonderpädagogische Schulformen,,Integrative Schulung in Regelklassen,Integrationsquote,ja,,ganzer Kanton,21.73,%,Kantonale Integrationsquote von Lernenden mit verstärkten Massnahmen: 21.73% (21.73% aller Lernenden mit verstärkten Massnahmen werden in Regelklassen unterrichtet),BFS: Lernende der Sonderpädagogik: Basistabellen 2024/25,https://www.bfs.admin.ch/bfs/de/home/statistiken/bildung-wissenschaft/personen-ausbildung/obligatorische-schule/sonderpaedagogik.assetdetail.36430068.html,BFS,TC
SO,Schlussbericht,Selektionsmechanismen,Allokation auf sonderpädagogische Schulformen,,Integrative Schulung in Regelklassen,Integrationsquote,ja,,ganzer Kanton,37.23,%,Kantonale Integrationsquote von Lernenden mit verstärkten Massnahmen: 37.23% (37.23% aller Lernenden mit verstärkten Massnahmen werden in Regelklassen unterrichtet),BFS: Lernende der Sonderpädagogik: Basistabellen 2024/25,https://www.bfs.admin.ch/bfs/de/home/statistiken/bildung-wissenschaft/personen-ausbildung/obligatorische-schule/sonderpaedagogik.assetdetail.36430068.html,BFS,TC
SZ,Schlussbericht,Selektionsmechanismen,Allokation auf sonderpädagogische Schulformen,,Integrative Schulung in Regelklassen,Integrationsquote,ja,,ganzer Kanton,32.82,%,Kantonale Integrationsquote von Lernenden mit verstärkten Massnahmen: 32.82% (32.82% aller Lernenden mit verstärkten Massnahmen werden in Regelklassen unterrichtet),BFS: Lernende der Sonderpädagogik: Basistabellen 2024/25,https://www.bfs.admin.ch/bfs/de/home/statistiken/bildung-wissenschaft/personen-ausbildung/obligatorische-schule/sonderpaedagogik.assetdetail.36430068.html,BFS,TC
TG,Schlussbericht,Selektionsmechanismen,Allokation auf sonderpädagogische Schulformen,,Integrative Schulung in Regelklassen,Integrationsquote,ja,,ganzer Kanton,25.13,%,Kantonale Integrationsquote von Lernenden mit verstärkten Massnahmen: 25.13% (25.13% aller Lernenden mit verstärkten Massnahmen werden in Regelklassen unterrichtet),BFS: Lernende der Sonderpädagogik: Basistabellen 2024/25,https://www.bfs.admin.ch/bfs/de/home/statistiken/bildung-wissenschaft/personen-ausbildung/obligatorische-schule/sonderpaedagogik.assetdetail.36430068.html,BFS,TC
TI,Schlussbericht,Selektionsmechanismen,Allokation auf sonderpädagogische Schulformen,,Integrative Schulung in Regelklassen,Integrationsquote,ja,,ganzer Kanton,57.34,%,Kantonale Integrationsquote von Lernenden mit verstärkten Massnahmen: 57.34% (57.34% aller Lernenden mit verstärkten Massnahmen werden in Regelklassen unterrichtet),BFS: Lernende der Sonderpädagogik: Basistabellen 2024/25,https://www.bfs.admin.ch/bfs/de/home/statistiken/bildung-wissenschaft/personen-ausbildung/obligatorische-schule/sonderpaedagogik.assetdetail.36430068.html,BFS,TC
UR,Schlussbericht,Selektionsmechanismen,Allokation auf sonderpädagogische Schulformen,,Integrative Schulung in Regelklassen,Integrationsquote,ja,,ganzer Kanton,65.42,%,Kantonale Integrationsquote von Lernenden mit verstärkten Massnahmen: 65.42% (65.42% aller Lernenden mit verstärkten Massnahmen werden in Regelklassen unterrichtet),BFS: Lernende der Sonderpädagogik: Basistabellen 2024/25,https://www.bfs.admin.ch/bfs/de/home/statistiken/bildung-wissenschaft/personen-ausbildung/obligatorische-schule/sonderpaedagogik.assetdetail.36430068.html,BFS,TC
VD,Schlussbericht,Selektionsmechanismen,Allokation auf sonderpädagogische Schulformen,,Integrative Schulung in Regelklassen,Integrationsquote,ja,,ganzer Kanton,50.24,%,Kantonale Integrationsquote von Lernenden mit verstärkten Massnahmen: 50.24% (50.24% aller Lernenden mit verstärkten Massnahmen werden in Regelklassen unterrichtet),BFS: Lernende der Sonderpädagogik: Basistabellen 2024/25,https://www.bfs.admin.ch/bfs/de/home/statistiken/bildung-wissenschaft/personen-ausbildung/obligatorische-schule/sonderpaedagogik.assetdetail.36430068.html,BFS,TC
VS,Schlussbericht,Selektionsmechanismen,Allokation auf sonderpädagogische Schulformen,,Integrative Schulung in Regelklassen,Integrationsquote,ja,,ganzer Kanton,48.37,%,Kantonale Integrationsquote von Lernenden mit verstärkten Massnahmen: 48.37% (48.37% aller Lernenden mit verstärkten Massnahmen werden in Regelklassen unterrichtet),BFS: Lernende der Sonderpädagogik: Basistabellen 2024/25,https://www.bfs.admin.ch/bfs/de/home/statistiken/bildung-wissenschaft/personen-ausbildung/obligatorische-schule/sonderpaedagogik.assetdetail.36430068.html,BFS,TC
ZG,Schlussbericht,Selektionsmechanismen,Allokation auf sonderpädagogische Schulformen,,Integrative Schulung in Regelklassen,Integrationsquote,ja,,ganzer Kanton,22.89,%,Kantonale Integrationsquote von Lernenden mit verstärkten Massnahmen: 22.89% (22.89% aller Lernenden mit verstärkten Massnahmen werden in Regelklassen unterrichtet),BFS: Lernende der Sonderpädagogik: Basistabellen 2024/25,https://www.bfs.admin.ch/bfs/de/home/statistiken/bildung-wissenschaft/personen-ausbildung/obligatorische-schule/sonderpaedagogik.assetdetail.36430068.html,BFS,TC
ZH,Schlussbericht,Selektionsmechanismen,Allokation auf sonderpädagogische Schulformen,,Integrative Schulung in Regelklassen,Integrationsquote,ja,,ganzer Kanton,66.28,%,Kantonale Integrationsquote von Lernenden mit verstärkten Massnahmen: 66.28% (66.28% aller Lernenden mit verstärkten Massnahmen werden in Regelklassen unterrichtet),BFS: Lernende der Sonderpädagogik: Basistabellen 2024/25,https://www.bfs.admin.ch/bfs/de/home/statistiken/bildung-wissenschaft/personen-ausbildung/obligatorische-schule/sonderpaedagogik.assetdetail.36430068.html,BFS,TC
AG,Schlussbericht,Selektionsmechanismen,Allokation auf sonderpädagogische Schulformen,,Integrative Schulung in Regelklassen,Inklusionsdichte,ja,,ganzer Kanton,2.45,%,kantonale Inklusionsdichte in Regelklassen: 2.45% (2.45% aller Lernenden in Regelklassen verfügen über verstärkte Massnahmen),BFS: Lernende der Sonderpädagogik: Basistabellen 2024/25,https://www.bfs.admin.ch/bfs/de/home/statistiken/bildung-wissenschaft/personen-ausbildung/obligatorische-schule/sonderpaedagogik.assetdetail.36430068.html,BFS,TC
AR,Schlussbericht,Selektionsmechanismen,Allokation auf sonderpädagogische Schulformen,,Integrative Schulung in Regelklassen,Inklusionsdichte,ja,,ganzer Kanton,1.86,%,kantonale Inklusionsdichte in Regelklassen: 1.86% (1.86% aller Lernenden in Regelklassen verfügen über verstärkte Massnahmen),BFS: Lernende der Sonderpädagogik: Basistabellen 2024/25,https://www.bfs.admin.ch/bfs/de/home/statistiken/bildung-wissenschaft/personen-ausbildung/obligatorische-schule/sonderpaedagogik.assetdetail.36430068.html,BFS,TC
BE,Schlussbericht,Selektionsmechanismen,Allokation auf sonderpädagogische Schulformen,,Integrative Schulung in Regelklassen,Inklusionsdichte,ja,,ganzer Kanton,1.47,%,kantonale Inklusionsdichte in Regelklassen: 1.47% (1.47% aller Lernenden in Regelklassen verfügen über verstärkte Massnahmen),BFS: Lernende der Sonderpädagogik: Basistabellen 2024/25,https://www.bfs.admin.ch/bfs/de/home/statistiken/bildung-wissenschaft/personen-ausbildung/obligatorische-schule/sonderpaedagogik.assetdetail.36430068.html,BFS,TC
BL,Schlussbericht,Selektionsmechanismen,Allokation auf sonderpädagogische Schulformen,,Integrative Schulung in Regelklassen,Inklusionsdichte,ja,,ganzer Kanton,1.68,%,kantonale Inklusionsdichte in Regelklassen: 1.68% (1.68% aller Lernenden in Regelklassen verfügen über verstärkte Massnahmen),BFS: Lernende der Sonderpädagogik: Basistabellen 2024/25,https://www.bfs.admin.ch/bfs/de/home/statistiken/bildung-wissenschaft/personen-ausbildung/obligatorische-schule/sonderpaedagogik.assetdetail.36430068.html,BFS,TC
BS,Schlussbericht,Selektionsmechanismen,Allokation auf sonderpädagogische Schulformen,,Integrative Schulung in Regelklassen,Inklusionsdichte,ja,,ganzer Kanton,3.34,%,kantonale Inklusionsdichte in Regelklassen: 3.34% (3.34% aller Lernenden in Regelklassen verfügen über verstärkte Massnahmen),BFS: Lernende der Sonderpädagogik: Basistabellen 2024/25,https://www.bfs.admin.ch/bfs/de/home/statistiken/bildung-wissenschaft/personen-ausbildung/obligatorische-schule/sonderpaedagogik.assetdetail.36430068.html,BFS,TC
FR,Schlussbericht,Selektionsmechanismen,Allokation auf sonderpädagogische Schulformen,,Integrative Schulung in Regelklassen,Inklusionsdichte,ja,,ganzer Kanton,2.54,%,kantonale Inklusionsdichte in Regelklassen: 2.54% (2.54% aller Lernenden in Regelklassen verfügen über verstärkte Massnahmen),BFS: Lernende der Sonderpädagogik: Basistabellen 2024/25,https://www.bfs.admin.ch/bfs/de/home/statistiken/bildung-wissenschaft/personen-ausbildung/obligatorische-schule/sonderpaedagogik.assetdetail.36430068.html,BFS,TC
GE,Schlussbericht,Selektionsmechanismen,Allokation auf sonderpädagogische Schulformen,,Integrative Schulung in Regelklassen,Inklusionsdichte,ja,,ganzer Kanton,0.57,%,kantonale Inklusionsdichte in Regelklassen: 0.57% (0.57% aller Lernenden in Regelklassen verfügen über verstärkte Massnahmen),BFS: Lernende der Sonderpädagogik: Basistabellen 2024/25,https://www.bfs.admin.ch/bfs/de/home/statistiken/bildung-wissenschaft/personen-ausbildung/obligatorische-schule/sonderpaedagogik.assetdetail.36430068.html,BFS,TC
GL,Schlussbericht,Selektionsmechanismen,Allokation auf sonderpädagogische Schulformen,,Integrative Schulung in Regelklassen,Inklusionsdichte,ja,,ganzer Kanton,2.08,%,kantonale Inklusionsdichte in Regelklassen: 2.08% (2.08% aller Lernenden in Regelklassen verfügen über verstärkte Massnahmen),BFS: Lernende der Sonderpädagogik: Basistabellen 2024/25,https://www.bfs.admin.ch/bfs/de/home/statistiken/bildung-wissenschaft/personen-ausbildung/obligatorische-schule/sonderpaedagogik.assetdetail.36430068.html,BFS,TC
GR,Schlussbericht,Selektionsmechanismen,Allokation auf sonderpädagogische Schulformen,,Integrative Schulung in Regelklassen,Inklusionsdichte,ja,,ganzer Kanton,1.56,%,kantonale Inklusionsdichte in Regelklassen: 1.56% (1.56% aller Lernenden in Regelklassen verfügen über verstärkte Massnahmen),BFS: Lernende der Sonderpädagogik: Basistabellen 2024/25,https://www.bfs.admin.ch/bfs/de/home/statistiken/bildung-wissenschaft/personen-ausbildung/obligatorische-schule/sonderpaedagogik.assetdetail.36430068.html,BFS,TC
JU,Schlussbericht,Selektionsmechanismen,Allokation auf sonderpädagogische Schulformen,,Integrative Schulung in Regelklassen,Inklusionsdichte,ja,,ganzer Kanton,2.18,%,kantonale Inklusionsdichte in Regelklassen: 2.18% (2.18% aller Lernenden in Regelklassen verfügen über verstärkte Massnahmen),BFS: Lernende der Sonderpädagogik: Basistabellen 2024/25,https://www.bfs.admin.ch/bfs/de/home/statistiken/bildung-wissenschaft/personen-ausbildung/obligatorische-schule/sonderpaedagogik.assetdetail.36430068.html,BFS,TC
LU,Schlussbericht,Selektionsmechanismen,Allokation auf sonderpädagogische Schulformen,,Integrative Schulung in Regelklassen,Inklusionsdichte,ja,,ganzer Kanton,2.19,%,kantonale Inklusionsdichte in Regelklassen: 2.19% (2.19% aller Lernenden in Regelklassen verfügen über verstärkte Massnahmen),BFS: Lernende der Sonderpädagogik: Basistabellen 2024/25,https://www.bfs.admin.ch/bfs/de/home/statistiken/bildung-wissenschaft/personen-ausbildung/obligatorische-schule/sonderpaedagogik.assetdetail.36430068.html,BFS,TC
NE,Schlussbericht,Selektionsmechanismen,Allokation auf sonderpädagogische Schulformen,,Integrative Schulung in Regelklassen,Inklusionsdichte,ja,,ganzer Kanton,1.8,%,kantonale Inklusionsdichte in Regelklassen: 1.80% (1.80% aller Lernenden in Regelklassen verfügen über verstärkte Massnahmen),BFS: Lernende der Sonderpädagogik: Basistabellen 2024/25,https://www.bfs.admin.ch/bfs/de/home/statistiken/bildung-wissenschaft/personen-ausbildung/obligatorische-schule/sonderpaedagogik.assetdetail.36430068.html,BFS,TC
NW,Schlussbericht,Selektionsmechanismen,Allokation auf sonderpädagogische Schulformen,,Integrative Schulung in Regelklassen,Inklusionsdichte,ja,,ganzer Kanton,3.49,%,kantonale Inklusionsdichte in Regelklassen: 3.49% (3.49% aller Lernenden in Regelklassen verfügen über verstärkte Massnahmen),BFS: Lernende der Sonderpädagogik: Basistabellen 2024/25,https://www.bfs.admin.ch/bfs/de/home/statistiken/bildung-wissenschaft/personen-ausbildung/obligatorische-schule/sonderpaedagogik.assetdetail.36430068.html,BFS,TC
OW,Schlussbericht,Selektionsmechanismen,Allokation auf sonderpädagogische Schulformen,,Integrative Schulung in Regelklassen,Inklusionsdichte,ja,,ganzer Kanton,2.82,%,kantonale Inklusionsdichte in Regelklassen: 2.82% (2.82% aller Lernenden in Regelklassen verfügen über verstärkte Massnahmen),BFS: Lernende der Sonderpädagogik: Basistabellen 2024/25,https://www.bfs.admin.ch/bfs/de/home/statistiken/bildung-wissenschaft/personen-ausbildung/obligatorische-schule/sonderpaedagogik.assetdetail.36430068.html,BFS,TC
SG,Schlussbericht,Selektionsmechanismen,Allokation auf sonderpädagogische Schulformen,,Integrative Schulung in Regelklassen,Inklusionsdichte,ja,,ganzer Kanton,0.11,%,kantonale Inklusionsdichte in Regelklassen: 0.11% (0.11% aller Lernenden in Regelklassen verfügen über verstärkte Massnahmen),BFS: Lernende der Sonderpädagogik: Basistabellen 2024/25,https://www.bfs.admin.ch/bfs/de/home/statistiken/bildung-wissenschaft/personen-ausbildung/obligatorische-schule/sonderpaedagogik.assetdetail.36430068.html,BFS,TC
SH,Schlussbericht,Selektionsmechanismen,Allokation auf sonderpädagogische Schulformen,,Integrative Schulung in Regelklassen,Inklusionsdichte,ja,,ganzer Kanton,0.74,%,kantonale Inklusionsdichte in Regelklassen: 0.74% (0.74% aller Lernenden in Regelklassen verfügen über verstärkte Massnahmen),BFS: Lernende der Sonderpädagogik: Basistabellen 2024/25,https://www.bfs.admin.ch/bfs/de/home/statistiken/bildung-wissenschaft/personen-ausbildung/obligatorische-schule/sonderpaedagogik.assetdetail.36430068.html,BFS,TC
SO,Schlussbericht,Selektionsmechanismen,Allokation auf sonderpädagogische Schulformen,,Integrative Schulung in Regelklassen,Inklusionsdichte,ja,,ganzer Kanton,1.82,%,kantonale Inklusionsdichte in Regelklassen: 1.82% (1.82% aller Lernenden in Regelklassen verfügen über verstärkte Massnahmen),BFS: Lernende der Sonderpädagogik: Basistabellen 2024/25,https://www.bfs.admin.ch/bfs/de/home/statistiken/bildung-wissenschaft/personen-ausbildung/obligatorische-schule/sonderpaedagogik.assetdetail.36430068.html,BFS,TC
SZ,Schlussbericht,Selektionsmechanismen,Allokation auf sonderpädagogische Schulformen,,Integrative Schulung in Regelklassen,Inklusionsdichte,ja,,ganzer Kanton,0.75,%,kantonale Inklusionsdichte in Regelklassen: 0.75% (0.75% aller Lernenden in Regelklassen verfügen über verstärkte Massnahmen),BFS: Lernende der Sonderpädagogik: Basistabellen 2024/25,https://www.bfs.admin.ch/bfs/de/home/statistiken/bildung-wissenschaft/personen-ausbildung/obligatorische-schule/sonderpaedagogik.assetdetail.36430068.html,BFS,TC
TG,Schlussbericht,Selektionsmechanismen,Allokation auf sonderpädagogische Schulformen,,Integrative Schulung in Regelklassen,Inklusionsdichte,ja,,ganzer Kanton,0.88,%,kantonale Inklusionsdichte in Regelklassen: 0.88% (0.88% aller Lernenden in Regelklassen verfügen über verstärkte Massnahmen),BFS: Lernende der Sonderpädagogik: Basistabellen 2024/25,https://www.bfs.admin.ch/bfs/de/home/statistiken/bildung-wissenschaft/personen-ausbildung/obligatorische-schule/sonderpaedagogik.assetdetail.36430068.html,BFS,TC
TI,Schlussbericht,Selektionsmechanismen,Allokation auf sonderpädagogische Schulformen,,Integrative Schulung in Regelklassen,Inklusionsdichte,ja,,ganzer Kanton,2.01,%,kantonale Inklusionsdichte in Regelklassen: 2.01% (2.01% aller Lernenden in Regelklassen verfügen über verstärkte Massnahmen),BFS: Lernende der Sonderpädagogik: Basistabellen 2024/25,https://www.bfs.admin.ch/bfs/de/home/statistiken/bildung-wissenschaft/personen-ausbildung/obligatorische-schule/sonderpaedagogik.assetdetail.36430068.html,BFS,TC
UR,Schlussbericht,Selektionsmechanismen,Allokation auf sonderpädagogische Schulformen,,Integrative Schulung in Regelklassen,Inklusionsdichte,ja,,ganzer Kanton,1.76,%,kantonale Inklusionsdichte in Regelklassen: 1.76% (1.76% aller Lernenden in Regelklassen verfügen über verstärkte Massnahmen),BFS: Lernende der Sonderpädagogik: Basistabellen 2024/25,https://www.bfs.admin.ch/bfs/de/home/statistiken/bildung-wissenschaft/personen-ausbildung/obligatorische-schule/sonderpaedagogik.assetdetail.36430068.html,BFS,TC
VD,Schlussbericht,Selektionsmechanismen,Allokation auf sonderpädagogische Schulformen,,Integrative Schulung in Regelklassen,Inklusionsdichte,ja,,ganzer Kanton,1.88,%,kantonale Inklusionsdichte in Regelklassen: 1.88% (1.88% aller Lernenden in Regelklassen verfügen über verstärkte Massnahmen),BFS: Lernende der Sonderpädagogik: Basistabellen 2024/25,https://www.bfs.admin.ch/bfs/de/home/statistiken/bildung-wissenschaft/personen-ausbildung/obligatorische-schule/sonderpaedagogik.assetdetail.36430068.html,BFS,TC
VS,Schlussbericht,Selektionsmechanismen,Allokation auf sonderpädagogische Schulformen,,Integrative Schulung in Regelklassen,Inklusionsdichte,ja,,ganzer Kanton,1.04,%,kantonale Inklusionsdichte in Regelklassen: 1.04% (1.04% aller Lernenden in Regelklassen verfügen über verstärkte Massnahmen),BFS: Lernende der Sonderpädagogik: Basistabellen 2024/25,https://www.bfs.admin.ch/bfs/de/home/statistiken/bildung-wissenschaft/personen-ausbildung/obligatorische-schule/sonderpaedagogik.assetdetail.36430068.html,BFS,TC
ZG,Schlussbericht,Selektionsmechanismen,Allokation auf sonderpädagogische Schulformen,,Integrative Schulung in Regelklassen,Inklusionsdichte,ja,,ganzer Kanton,1.0,%,kantonale Inklusionsdichte in Regelklassen: 1.00% (1.00% aller Lernenden in Regelklassen verfügen über verstärkte Massnahmen),BFS: Lernende der Sonderpädagogik: Basistabellen 2024/25,https://www.bfs.admin.ch/bfs/de/home/statistiken/bildung-wissenschaft/personen-ausbildung/obligatorische-schule/sonderpaedagogik.assetdetail.36430068.html,BFS,TC
ZH,Schlussbericht,Selektionsmechanismen,Allokation auf sonderpädagogische Schulformen,,Integrative Schulung in Regelklassen,Inklusionsdichte,ja,,ganzer Kanton,3.46,%,kantonale Inklusionsdichte in Regelklassen: 3.46% (3.46% aller Lernenden in Regelklassen verfügen über verstärkte Massnahmen),BFS: Lernende der Sonderpädagogik: Basistabellen 2024/25,https://www.bfs.admin.ch/bfs/de/home/statistiken/bildung-wissenschaft/personen-ausbildung/obligatorische-schule/sonderpaedagogik.assetdetail.36430068.html,BFS,TC
AG,Schlussbericht,Selektionsmechanismen,Zuteilungsverfahren,,Empfehlung durch Lehrpersonen,,ja,,ganzer Kanton,,,"«Für den Übertritt in die Bezirksschule empfohlen wird, wer a) aufgrund der Gesamtbeurteilung im Zwischenbericht der 6. Klasse in den Kernfächern gemäss Anhang 2 gute bis sehr gute und in den Erweiterungsfächern gemäss Anhang 2 überwiegend gute Leistungen aufweist, b) sich bezüglich Selbstständigkeit, Problemlösefähigkeit und Auffassungsgabe besonders auszeichnet, c) eine günstige Entwicklungsprognose für den Verbleib in der Bezirksschule erhält.» «Für den Übertritt in die Sekundarschule empfohlen wird, wer a) aufgrund der Gesamtbeurteilung im Zwischenbericht der 6. Klasse in den Kernfächern gemäss Anhang 2 überwiegend gute und in den Erweiterungsfächern gemäss Anhang 2 überwiegend genügende bis gute Leistungen aufweist, abis sich bezüglich Selbstständigkeit, Problemlösefähigkeit und Auffassungsgabe auszeichnet, b) eine günstige Entwicklungsprognose für den Verbleib in der Sekundarschule erhält.» «Für den Übertritt in die Realschule wird empfohlen, wer aufgrund der Gesamtbeurteilung im Zwischenbericht der 6. Klasse in den Kern- und Erweiterungsfächern gemäss Anhang 2 überwiegend genügende Leistungen aufweist.»",Volksschulverordnung (421.315),https://gesetzessammlungen.ag.ch/app/de/texts_of_law/421.315,Rechtsgrundlage,§ 13
AI,Schlussbericht,Selektionsmechanismen,Zuteilungsverfahren,,Empfehlung durch Lehrpersonen,,ja,,ganzer Kanton,,,"«Die Zuteilung in die verschiedenen Abteilungen der Sekundarstufe I erfolgt durch den Entscheid der Aufnahmekommission aufgrund der Prüfungsergebnisse (Anm: im Regelunterricht) und der Empfehlungen durch die abgebende Lehrperson.» «Die abgebende Lehrperson stützt ihre schriftliche Empfehlung im Aufnahmeverfahren auf die folgenden Elemente der letzten drei Semester: a) die Zeugnisnoten; b) die Beurteilungsbogen der überfachlichen Kompetenzen.» «Die beiden Elemente sind in ihrer Bedeutung gleichgestellt.» «Bei den Zeugnisnoten sind für die Schüler aus der sechsten Klasse die Durchschnittsnoten aus den Fachbereichen Deutsch, Mathematik und Natur, Mensch, Gesellschaft (NMG) der letzten drei Semester für den Übertritt relevant» «Die Durchschnittsnoten für die Schüler aus der sechsten Klasse setzen sich wie folgt zusammen: a) Deutsch 2 mal b) Mathematik 2 mal c) Natur, Mensch, Gesellschaft (NMG) 1 mal»",Landesschulkommissionsbeschluss zum Schulgesetz (411.012),https://www.lexfind.ch/fe/de/tol/997/de,Rechtsgrundlage,"Art. 62, 63"
AR,Schlussbericht,Selektionsmechanismen,Zuteilungsverfahren,,Empfehlung durch Lehrpersonen,,ja,,ganzer Kanton,,,"«Massgebende Kriterien für die Stammklassenzuteilung im kooperativen Modell sind die Fachkompetenzen in den Fächern Deutsch und Mathematik, die überfachlichen Kompetenzen im Erstsemesterzeugnis des 8. Schuljahres sowie die Gesamtbeurteilung der zuständigen Klassenlehrperson.» «Die massgebenden Kriterien sind wie folgt zu berücksichtigen: a) Werden die Fachkompetenzen in den Fächern Deutsch und Mathematik mit der Note 5 oder höher beurteilt, erfolgt die Zuteilung in eine Stammklasse mit erhöhten Anforderungen (E). b) Werden die Fachkompetenzen in den Fächern Deutsch und Mathematik mit der Note 4 oder tiefer beurteilt, erfolgt die Zuteilung in eine Stammklasse mit grundlegenden Anforderungen (G). c) Ist aufgrund der Noten in diesen Fächern keine eindeutige Zuteilung möglich, werden im Rahmen einer summativen und prognostischen Gesamtbeurteilung die Fachkompetenzen in anderen Fachbereichen sowie die überfachlichen Kompetenzen beigezogen.»",Weisungen zur Beurteilung und Promotion,https://ar.ch/fileadmin/user_upload/Departement_Bildung_Kultur/Amt_fuer_Volksschule/eHandbuch_Volksschule/Weisungen_zur_Beurteilung_und_Promotion_vom_25.10.2024.pdf,Rechtsgrundlage,"Art. 14, 15"
AR,Schlussbericht,Selektionsmechanismen,Zuteilungsverfahren,,Notenschnitt,,ja,,ganzer Kanton,,,"«Massgebende Kriterien für die Stammklassenzuteilung im kooperativen Modell sind die Fachkompetenzen in den Fächern Deutsch und Mathematik, die überfachlichen Kompetenzen im Erstsemesterzeugnis des 8. Schuljahres sowie die Gesamtbeurteilung der zuständigen Klassenlehrperson.» «Die massgebenden Kriterien sind wie folgt zu berücksichtigen: a) Werden die Fachkompetenzen in den Fächern Deutsch und Mathematik mit der Note 5 oder höher beurteilt, erfolgt die Zuteilung in eine Stammklasse mit erhöhten Anforderungen (E). b) Werden die Fachkompetenzen in den Fächern Deutsch und Mathematik mit der Note 4 oder tiefer beurteilt, erfolgt die Zuteilung in eine Stammklasse mit grundlegenden Anforderungen (G). c) Ist aufgrund der Noten in diesen Fächern keine eindeutige Zuteilung möglich, werden im Rahmen einer summativen und prognostischen Gesamtbeurteilung die Fachkompetenzen in anderen Fachbereichen sowie die überfachlichen Kompetenzen beigezogen.»",Weisungen zur Beurteilung und Promotion,https://ar.ch/fileadmin/user_upload/Departement_Bildung_Kultur/Amt_fuer_Volksschule/eHandbuch_Volksschule/Weisungen_zur_Beurteilung_und_Promotion_vom_25.10.2024.pdf,Rechtsgrundlage,"Art. 14, 15"
BE,Schlussbericht,Selektionsmechanismen,Zuteilungsverfahren,,Empfehlung durch Lehrpersonen,,ja,,ganzer Kanton,,,"«Die Klassenlehrkraft verfasst unter Einbezug der übrigen an der Klasse unterrichtenden Lehrkräfte am Ende des ersten Semesters des 6. Schuljahres auf der Primarstufe den Übertrittsbericht.» «Der Übertrittsbericht enthält die nötigen Angaben [...] zur Beurteilung der fachlichen Kompetenzen in den Fächern Deutsch, Französisch und Mathematik [...] zur Beurteilung der personalen Kompetenzen in allen Fächern» «Der Zuweisungsantrag erfolgt aufgrund der Einschätzung der mutmasslichen Entwicklung der Schülerin oder des Schülers.» «Die Einschätzung der mutmasslichen Entwicklung basiert auf a der Beurteilung [...] durch die Lehrkraft, b den Beobachtungen der Eltern und c der Selbsteinschätzung der Schülerin oder des Schülers.» «Die Zuweisung in das Realschul-, das Sekundarschul- oder das spezielle Sekundarschulniveau erfolgt je in den Fächern Deutsch, Französisch und Mathematik.» «Wer in mindestens zwei der Fächer Deutsch, Französisch oder Mathematik dem Sekundarschul- oder dem speziellen Sekundarschulniveau zugewiesen ist, gilt als Schülerin oder Schüler des entsprechenden Schultyps.»",Direktionsverordnung über die Beurteilung und Schullaufbahnentscheide in der Volksschule (432.213.11),https://www.belex.sites.be.ch/app/de/texts_of_law/432.213.11,Rechtsgrundlage,Art. 40
BL,Schlussbericht,Selektionsmechanismen,Zuteilungsverfahren,,Empfehlung durch Lehrpersonen,,ja,,ganzer Kanton,,,"«Die Klassenlehrerin oder der Klassenlehrer bespricht in der 6. Klasse der Primarschule mit den Erziehungsberechtigten im Rahmen des jährlichen Standortgesprächs den Übertritt und unterbreitet ihren oder seinen Vorschlag für die Zuweisung der Schülerin oder des Schülers zum Leistungszug A, E oder P der Sekundarstufe I aufgrund des Zwischenstands in der Leistungsbeurteilung in allen Fächern und der Gesamtbeurteilung.» «Für die Aufnahme in den Leistungszug P muss ein Durchschnitt von mindestens 5,25 und für die Aufnahme in den Leistungszug E ein Durchschnitt von mindestens 4,50 erreicht werden.» (Anm: In Niveau A tritt über, wer die Bedingungen für E und P nicht erfüllt.)",Verordnung über die schulische Laufbahn (640.21),https://bl.clex.ch/app/de/texts_of_law/640.21,Rechtsgrundlage,"§ 35, 36"
BL,Schlussbericht,Selektionsmechanismen,Zuteilungsverfahren,,Notenschnitt,,ja,,ganzer Kanton,,,"«Die Klassenlehrerin oder der Klassenlehrer bespricht in der 6. Klasse der Primarschule mit den Erziehungsberechtigten im Rahmen des jährlichen Standortgesprächs den Übertritt und unterbreitet ihren oder seinen Vorschlag für die Zuweisung der Schülerin oder des Schülers zum Leistungszug A, E oder P der Sekundarstufe I aufgrund des Zwischenstands in der Leistungsbeurteilung in allen Fächern und der Gesamtbeurteilung.» «Für die Aufnahme in den Leistungszug P muss ein Durchschnitt von mindestens 5,25 und für die Aufnahme in den Leistungszug E ein Durchschnitt von mindestens 4,50 erreicht werden.» (Anm: In Niveau A tritt über, wer die Bedingungen für E und P nicht erfüllt.)",Verordnung über die schulische Laufbahn (640.21),https://bl.clex.ch/app/de/texts_of_law/640.21,Rechtsgrundlage,"§ 35, 36"
BS,Schlussbericht,Selektionsmechanismen,Zuteilungsverfahren,,Notenschnitt,,ja,,ganzer Kanton,,,"«Schülerinnen und Schüler können in denjenigen Leistungszug übertreten, für den sie in den beiden Zeugnissen des 8. Schuljahres die Berechtigung nach den §§ 56-58 erreicht haben.» «In den Leistungszug A mit allgemeinen Anforderungen (A-Zug) treten die Schülerinnen und Schüler über, die nicht in den Leistungszug E mit erweiterten Anforderungen (E-Zug) oder den Leistungszug P mit hohen Anforderungen (P-Zug) übertreten.» «In den E-Zug (sowie den A-Zug) können die Schülerinnen und Schüler übertreten, die im Zeugnis des 8. Schuljahres die folgende Voraussetzung erfüllen: Die Summe der dreifach gezählten Zeugnisnoten in den Fächern Deutsch, Mathematik und Natur / Mensch / Gesellschaft und der eineinhalbfach gezählten Zeugnisnoten in den Fächern Französisch und Englisch und der einfach gezählten Zeugnisnoten in den Fächern Gestalten, Musik und Bewegung/Sport ergibt mindestens den Wert 67,5» «In den P-Zug (sowie den E-Zug und den A-Zug) können die Schülerinnen und Schüler übertreten, die im Zeugnis des 8. Schuljahres die folgende Voraussetzung erfüllen: Die Summe der dreifach gezählten Zeugnisnoten in den Fächern Deutsch, Mathematik und Natur / Mensch / Gesellschaft und der eineinhalbfach gezählten Zeugnisnoten in den Fächern Französisch und Englisch und der einfach gezählten Zeugnisnoten in den Fächern Gestalten, Musik und Bewegung/Sport ergibt mindestens den Wert 78,75»","Verordnung über die Beurteilung und die Schullaufbahnentscheide der Schülerinnen und Schüler der Volksschule und der weiterführenden Schulen (SLV, 410.700)",https://www.gesetzessammlung.bs.ch/app/de/texts_of_law/410.700,Rechtsgrundlage,"§ 57, 58"
FR,Schlussbericht,Selektionsmechanismen,Zuteilungsverfahren,,Empfehlung durch Lehrpersonen,,ja,,ganzer Kanton,,,"«Wenn die drei ersten Indikatoren (A-B-C) übereinstimmen, erfolgt die Erstzuweisung in den jeweiligen Klassentypus direkt.» «Die Lehrperson überträgt ihre Beurteilungen anfangs Februar ins Übertrittsdossier und hält darin den für die Schülerin oder den Schüler empfohlenen Klassentypus fest.» «Die folgenden Noten des ersten Semesters der 8H sind für das Übertrittsverfahren massgebend: Schulsprache (L1), erste Fremdsprache (L2), Mathematik sowie Mensch und Umwelt (MuU).» «Die Summe der Noten dieser Fächer bestimmt den Klassentyp des Indikators B wie folgt: a) 12 bis 17.5 Punkte: Realklasse; b) 18 bis 21 Punkte: Sekundarklasse; c) 21.5 bis 24 Punkte: Progymnasialklasse.» «Die Empfehlung der Eltern beruht auf einer gesamtheitlichen Beurteilung ihres Kindes, welche sowohl seine fachlichen Kompetenzen wie auch das Arbeits- und Lernverhalten einschliesst.» «Die Eltern berücksichtigen ebenfalls die Selbstevaluation ihres Kindes.»",Richtlinien [...] betreffend den Übertritt von der Primarschule in die Orientierungsschule,https://www.fr.ch/sites/default/files/2018-08/richtlinien-zum-Übertrittfsverfahren-primarschule--orientierungsschule.pdf?v=1661776681,Rechtsgrundlage,"Art. 3-5, 8"
FR,Schlussbericht,Selektionsmechanismen,Zuteilungsverfahren,,Notenschnitt,,ja,,ganzer Kanton,,,"«Wenn die drei ersten Indikatoren (A-B-C) übereinstimmen, erfolgt die Erstzuweisung in den jeweiligen Klassentypus direkt.» «Die Lehrperson überträgt ihre Beurteilungen anfangs Februar ins Übertrittsdossier und hält darin den für die Schülerin oder den Schüler empfohlenen Klassentypus fest.» «Die folgenden Noten des ersten Semesters der 8H sind für das Übertrittsverfahren massgebend: Schulsprache (L1), erste Fremdsprache (L2), Mathematik sowie Mensch und Umwelt (MuU).» «Die Summe der Noten dieser Fächer bestimmt den Klassentyp des Indikators B wie folgt: a) 12 bis 17.5 Punkte: Realklasse; b) 18 bis 21 Punkte: Sekundarklasse; c) 21.5 bis 24 Punkte: Progymnasialklasse.» «Die Empfehlung der Eltern beruht auf einer gesamtheitlichen Beurteilung ihres Kindes, welche sowohl seine fachlichen Kompetenzen wie auch das Arbeits- und Lernverhalten einschliesst.» «Die Eltern berücksichtigen ebenfalls die Selbstevaluation ihres Kindes.»",Richtlinien [...] betreffend den Übertritt von der Primarschule in die Orientierungsschule,https://www.fr.ch/sites/default/files/2018-08/richtlinien-zum-Übertrittfsverfahren-primarschule--orientierungsschule.pdf?v=1661776681,Rechtsgrundlage,"Art. 3-5, 8"
GE,Schlussbericht,Selektionsmechanismen,Zuteilungsverfahren,,Notenschnitt,,ja,,ganzer Kanton,,,"«Les élèves promus de l'enseignement primaire sont répartis dans les 3 regroupements de 9e en fonction de leurs résultats dans les disciplines de passage.» «Les disciplines de passage sont le français I (communication), le français II (grammaire, vocabulaire, conjugaison, orthographe) et les mathématiques.» «Les normes d'accès aux 3 regroupements sont les suivantes: a) accèdent au regroupement 1 les élèves qui ont obtenu une note égale ou supérieure à 3,0 dans chacune des disciplines de passage; b) accèdent au regroupement 2 les élèves qui ont obtenu un total minimal de 11,5 avec chacune des 3 notes de passage égale ou supérieure à 3,5; c) accèdent au regroupement 3 les élèves qui ont obtenu un total minimal de 14,0 avec chacune des 3 notes de passage égale ou supérieure à 4,0.»",Règlement du cycle d'orientation (C 1 10.26),https://www.lexfind.ch/fe/de/tol/31862/fr,Rechtsgrundlage,Art. 29
GL,Schlussbericht,Selektionsmechanismen,Zuteilungsverfahren,,Empfehlung durch Lehrpersonen,,ja,,ganzer Kanton,,,"«Nach der 6. Klasse der Primarschule werden die Lernenden in das Leistungsniveau eingeteilt, welches ihnen am besten entspricht.» «Zwischen den Erziehungsberechtigten, ihrem Kind und der verantwortlichen Lehrperson findet jährlich spätestens bis Ende März ein Austausch über den Lern- und Entwicklungsstand statt.» «In der 6. Klasse ist in jedem Fall über den Übertritt in die Sekundarstufe I zu befinden.» (Anm: Gliederung gemäss Bildungsgesetz Art. 18: Oberschule, Realschule, Sekundarschule.)","Verordnung über die Beurteilung, die Promotion und den Übertritt der Lernenden an der Volksschule (IV B/31/3)",https://gesetze.gl.ch/app/de/texts_of_law/IV%20B%2F31%2F3,Rechtsgrundlage,"Art. 12, 13"
GR,Schlussbericht,Selektionsmechanismen,Zuteilungsverfahren,,Empfehlung durch Lehrpersonen,,ja,,ganzer Kanton,,,"«Das Übertrittsverfahren soll grundsätzlich ohne Prüfung eine eignungsgerechte Zuweisung der Schülerinnen und Schüler in die Real- oder Sekundarschule gewährleisten» «Für die Zuweisung von Schülerinnen und Schülern aus der 6. Primar- und aus der 1. Realklasse in die Real- oder Sekundarschule sind massgebend: a) die gesamtheitliche Beurteilung der Schülerin bzw. des Schülers durch die Lehrpersonen der 5. und 6. Primarklasse bzw. der 1. Realklasse, d.h. die Schulleistungen sowie das Lern-, Arbeits- und Sozialverhalten; b) die Gespräche mit den Erziehungsberechtigten und der Schülerin bzw. dem Schüler.»",Richtlinien zum Übertrittsverfahren,https://www.gr.ch/DE/institutionen/verwaltung/ekud/avs/Volksschule/Uebertrittsverfahren_Richtlinien_de.pdf,Rechtsgrundlage,Art. 3
JU,Schlussbericht,Selektionsmechanismen,Zuteilungsverfahren,,Empfehlung durch Lehrpersonen,,ja,,ganzer Kanton,,,"«Dans le courant de la huitième année du degré primaire, les élèves sont soumis à trois séries d'épreuves communes dans les disciplines de base (français, mathématique et allemand).» «Les résultats de ces épreuves, ceux des bulletins scolaires, ainsi que l'avis des parents fondent l'appréciation des élèves pour l'accès aux cours à niveaux de l'école secondaire.» «Les résultats obtenus aux épreuves communes et les notes de l'année sont pris en compte de manière équivalente et sur une même échelle pour l'orientation vers les cours à niveaux.» «A l'entrée à l'école secondaire, les élèves sont répartis dans les cours à niveaux, en fonction des résultats de la procédure d'orientation de la sixième année primaire, selon les proportions générales suivantes pour l'ensemble du Canton: 40% au niveau A, 35% au niveau B et 25% au niveau C.»",Ordonnance scolaire (410.111),https://rsju.jura.ch/fr/viewdocument.html?idn=20067&id=36990,Rechtsgrundlage,"Art. 36, 37"
JU,Schlussbericht,Selektionsmechanismen,Zuteilungsverfahren,,Aufnahmeprüfung,,ja,,ganzer Kanton,,,"«Dans le courant de la huitième année du degré primaire, les élèves sont soumis à trois séries d'épreuves communes dans les disciplines de base (français, mathématique et allemand).» «Les résultats de ces épreuves, ceux des bulletins scolaires, ainsi que l'avis des parents fondent l'appréciation des élèves pour l'accès aux cours à niveaux de l'école secondaire.» «Les résultats obtenus aux épreuves communes et les notes de l'année sont pris en compte de manière équivalente et sur une même échelle pour l'orientation vers les cours à niveaux.» «A l'entrée à l'école secondaire, les élèves sont répartis dans les cours à niveaux, en fonction des résultats de la procédure d'orientation de la sixième année primaire, selon les proportions générales suivantes pour l'ensemble du Canton: 40% au niveau A, 35% au niveau B et 25% au niveau C.»",Ordonnance scolaire (410.111),https://rsju.jura.ch/fr/viewdocument.html?idn=20067&id=36990,Rechtsgrundlage,"Art. 36, 37"
LU,Schlussbericht,Selektionsmechanismen,Zuteilungsverfahren,,Empfehlung durch Lehrpersonen,,ja,,ganzer Kanton,,,"«Die Klassenlehrperson und die Erziehungsberechtigten entscheiden gestützt auf die Beurteilungsergebnisse gemeinsam über die Zuweisung. Die oder der Lernende wird in den Entscheid miteinbezogen.» «Für den Übertrittsentscheid zu berücksichtigen: a. die Zeugnisnoten in den Fächern Deutsch, Mathematik sowie Natur, Mensch, Gesellschaft während des 1. und 2. Semesters der 5. Klasse sowie des 1. Semesters der 6. Klasse [...] c. die Einschätzung der überfachlichen Kompetenzen [...] cbis die [...] Entwicklung der fachlichen und überfachlichen Kompetenzen [...] sowie die künftige Entwicklung» «Für die Zuweisung in ein Niveau der getrennt geführten Sekundarschule oder in das Langzeitgymnasium sind in den Fächern Deutsch, Mathematik sowie Natur, Mensch, Gesellschaft folgende Notendurchschnitte als Richtwerte massgebend: a. Langzeitgymnasium: 5,2 b. Niveau A: 5 c. Niveau B: 4,5 d. Niveau C: weniger als 4,5 oder individuelle Lernziele in mindestens zwei der drei Fächer»",Verordnung über die Übertrittsverfahren in der Volksschule (405b),https://srl.lu.ch/app/de/texts_of_law/405b,Rechtsgrundlage,"§ 5, 15a"
LU,Schlussbericht,Selektionsmechanismen,Zuteilungsverfahren,,Notenschnitt,,ja,,ganzer Kanton,,,"«Die Klassenlehrperson und die Erziehungsberechtigten entscheiden gestützt auf die Beurteilungsergebnisse gemeinsam über die Zuweisung. Die oder der Lernende wird in den Entscheid miteinbezogen.» «Für den Übertrittsentscheid zu berücksichtigen: a. die Zeugnisnoten in den Fächern Deutsch, Mathematik sowie Natur, Mensch, Gesellschaft während des 1. und 2. Semesters der 5. Klasse sowie des 1. Semesters der 6. Klasse [...] c. die Einschätzung der überfachlichen Kompetenzen [...] cbis die [...] Entwicklung der fachlichen und überfachlichen Kompetenzen [...] sowie die künftige Entwicklung» «Für die Zuweisung in ein Niveau der getrennt geführten Sekundarschule oder in das Langzeitgymnasium sind in den Fächern Deutsch, Mathematik sowie Natur, Mensch, Gesellschaft folgende Notendurchschnitte als Richtwerte massgebend: a. Langzeitgymnasium: 5,2 b. Niveau A: 5 c. Niveau B: 4,5 d. Niveau C: weniger als 4,5 oder individuelle Lernziele in mindestens zwei der drei Fächer»",Verordnung über die Übertrittsverfahren in der Volksschule (405b),https://srl.lu.ch/app/de/texts_of_law/405b,Rechtsgrundlage,"§ 5, 15a"
NE,Schlussbericht,Selektionsmechanismen,Zuteilungsverfahren,,Notenschnitt,,ja,,ganzer Kanton,,,"«L'admission dans les niveaux de 9e année en français et en mathématiques, se fait comme suit en fonction de la moyenne annuelle de 8e année de la discipline concernée arrondie au centième: a) niveau 2 si la moyenne annuelle est égale ou supérieure à 4,9; b) niveau 1 si la moyenne annuelle est inférieure à 4,7; c) niveau 2 si la moyenne annuelle est de 4,7 ou 4,8 et si les avis de l'enseignant ou de l'enseignante de la discipline concernée ainsi que des représentants légaux sont favorables au niveau 2.»",Règlement de la 8e année de la scolarité obligatoire (410.523),https://www.lexfind.ch/fe/fr/tol/12393/fr,Rechtsgrundlage,Art. 17
NW,Schlussbericht,Selektionsmechanismen,Zuteilungsverfahren,,Notenschnitt,,ja,,ganzer Kanton,,,"«Für die Zuweisung der Schülerinnen und Schüler zu den Schultypen der Kooperativen beziehungsweise Integrierten Orientierungsschule oder der Werkschule sind die gemittelten Zeugnisnoten der beiden letzten vor dem Übertrittsentscheid ausgestellten Semesterzeugnisse massgebend.» «Für den Übertritt in die Kooperative oder Integrierte Orientierungsschule ist in mindestens zwei der drei Leistungsbereiche Deutsch, Mathematik sowie Natur, Mensch, Gesellschaft die Note 4.0 erforderlich.» «Für den Eintritt in die Stammklasse A sind die Fächer Deutsch sowie Natur, Mensch, Gesellschaft massgebend.» «Der Durchschnitt der doppelt gewichteten Deutschnote und der Note für Natur, Mensch, Gesellschaft der beiden massgebenden Semesterzeugnisse muss mindestens 4.8 ergeben.» «Schülerinnen und Schüler, die diese Bedingung nicht erfüllen, treten in die Stammklasse B ein» «Für die Zuweisung zum Niveau A ist die Note 4.8 erforderlich. Massgebend sind die gemittelten Zeugnisnoten der beiden letzten vor dem Übertrittsentscheid ausgestellten Semesterzeugnisse. Wer diese Leistungen nicht erfüllt, wird dem Niveau B zugewiesen.»",Verordnung zum Gesetz über die Volksschule (312.11),https://gesetze.nw.ch/app/de/texts_of_law/312.11,Rechtsgrundlage,"§ 66, 76"
OW,Schlussbericht,Selektionsmechanismen,Zuteilungsverfahren,,Empfehlung durch Lehrpersonen,,ja,,ganzer Kanton,,,"«Gestützt auf die Leistungen in den fachlichen und den überfachlichen Kompetenzbereichen und die Beurteilungsgespräche im Verlauf der 5. und 6. Klasse füllt die Lehrperson in enger Zusammenarbeit mit den Erziehungsberechtigten und der Schülerin oder dem Schüler den Zuweisungsantrag aus.» «Als Grundlagen für den Zuweisungsantrag gelten: a. die Gesamtbeurteilung der Leistungsentwicklung und der Lernzielerreichung in der 5. und 6. Primarklasse, b. der Notendurchschnitt des zweiten Semesters der 5. Klasse und des ersten Semesters der 6. Klasse [...] e. die Beurteilung der Entwicklungsperspektiven in Bezug auf das Anforderungsprofil des gewählten Schultyps.» «Im Rahmen der Gesamtbeurteilung des Schülers oder der Schülerin sind folgende Richtwerte für den Notendurchschnitt [...] zu berücksichtigen: a. für die Aufnahme in die Stammklasse A ein Notendurchschnitt von 4.5. b. für die Aufnahme in die Kantonsschule ein Notendurchschnitt von 5.2.» «Für die Zuteilung in die Niveaugruppen A bzw. B der Orientierungsschule ist die Lernzielerreichung des entsprechenden Faches massgebend. Die Einteilung in die Niveaugruppe A erfolgt ab einem Durchschnitt von 4.5.»","Ausführungsbestimmungen über das Beurteilen, die Promotion und das Übertrittsverfahren in der Volksschule (412.111)",https://gdb.ow.ch/app/de/texts_of_law/412.111,Rechtsgrundlage,Art. 14-16
OW,Schlussbericht,Selektionsmechanismen,Zuteilungsverfahren,,Notenschnitt,,ja,,ganzer Kanton,,,"«Gestützt auf die Leistungen in den fachlichen und den überfachlichen Kompetenzbereichen und die Beurteilungsgespräche im Verlauf der 5. und 6. Klasse füllt die Lehrperson in enger Zusammenarbeit mit den Erziehungsberechtigten und der Schülerin oder dem Schüler den Zuweisungsantrag aus.» «Als Grundlagen für den Zuweisungsantrag gelten: a. die Gesamtbeurteilung der Leistungsentwicklung und der Lernzielerreichung in der 5. und 6. Primarklasse, b. der Notendurchschnitt des zweiten Semesters der 5. Klasse und des ersten Semesters der 6. Klasse [...] e. die Beurteilung der Entwicklungsperspektiven in Bezug auf das Anforderungsprofil des gewählten Schultyps.» «Im Rahmen der Gesamtbeurteilung des Schülers oder der Schülerin sind folgende Richtwerte für den Notendurchschnitt [...] zu berücksichtigen: a. für die Aufnahme in die Stammklasse A ein Notendurchschnitt von 4.5. b. für die Aufnahme in die Kantonsschule ein Notendurchschnitt von 5.2.» «Für die Zuteilung in die Niveaugruppen A bzw. B der Orientierungsschule ist die Lernzielerreichung des entsprechenden Faches massgebend. Die Einteilung in die Niveaugruppe A erfolgt ab einem Durchschnitt von 4.5.»","Ausführungsbestimmungen über das Beurteilen, die Promotion und das Übertrittsverfahren in der Volksschule (412.111)",https://gdb.ow.ch/app/de/texts_of_law/412.111,Rechtsgrundlage,Art. 14-16
SG,Schlussbericht,Selektionsmechanismen,Zuteilungsverfahren,,Empfehlung durch Lehrpersonen,,ja,,ganzer Kanton,,,"«Die nach kommunalem Recht zuständige Stelle des Oberstufenschulträgers verfügt Ende Mai des sechsten Primarschuljahres den Übertritt in die erste Sekundarklasse oder in die erste Realklasse.» «Grundlage ist: a) die Gesamteinschätzung der Lehrperson der sechsten Primarklasse. Die Gesamteinschätzung basiert auf dem aktuellen Lern- und Entwicklungsstand, der Lernsituation und der Lernentwicklung der Schülerin oder des Schülers. Sie ist Gegenstand des Beurteilungsgesprächs; b) der Leistungsstand in den Fächern Mathematik und Deutsch.» «In Oberstufen mit Niveaugruppen verfügt die nach kommunalem Recht zuständige Stelle des Oberstufenschulträgers zusätzlich die Zuteilung zu den Niveaugruppen.» «Grundlage der Zuteilung zur Niveaugruppe ist: a) die Empfehlung der Lehrperson der sechsten Primarklasse. Die Empfehlung ist Gegenstand des Beurteilungsgesprächs; b) der Leistungsstand im betreffenden Fach.»","Reglement über Beurteilung, Promotion und Übertritt in der Volksschule",https://www.sg.ch/bildung-sport/volksschule/rahmenbedingungen/rechtliche-grundlagen/weisungen-und-reglemente/_jcr_content/Par/sgch_downloadlist/DownloadListPar/sgch_download_2142118777.ocFile/Reglement_ueber_Beurteilung_Promotion_und_Uebertritt.pdf,Rechtsgrundlage,Art. 24
SH,Schlussbericht,Selektionsmechanismen,Zuteilungsverfahren,,Empfehlung durch Lehrpersonen,,ja,,ganzer Kanton,,,"«Ziel des Übertrittsverfahrens ist es, die Schüler und Schülerinnen am Ende der 6. Primarklasse entsprechend ihren Fähigkeiten und ihrer voraussichtlichen Entwicklung demjenigen Schultypus der Sekundarstufe I zuzuweisen, in dem sie am besten gefördert werden können.» «Zentrales Element des Verfahrens ist der Zuweisungsvorschlag durch die Klassenlehrer oder -lehrerinnen, basierend auf der Gesamtbeurteilung der Schüler und Schülerinnen.» «Der Klassenlehrer bzw. die Klassenlehrerin erläutert den Erziehungsberechtigten in einem Gespräch den Zuweisungsvorschlag.» «Die Gesamtbeurteilung richtet sich nach den Leistungen und der voraussichtlichen Entwicklung des Kindes.» «Für den Zuweisungsentscheid ist die Gesamtbeurteilung massgebend.» (Anm: Gliederung gemäss Schulgesetz Art. 41 in Sekundarschule und Realschule.)",Verordnung des Erziehungsrates über Zeugnisse und Beförderung der Schülerinnen und Schüler an der Primar- und Sekundarstufe I (411.102),https://rechtsbuch.sh.ch/app/de/texts_of_law/411.102,Rechtsgrundlage,"§ 25, 26"
SO,Schlussbericht,Selektionsmechanismen,Zuteilungsverfahren,,Empfehlung durch Lehrpersonen,,ja,,ganzer Kanton,,,"«Die Zuteilung zu den Anforderungsniveaus B, E und P der Sekundarstufe I setzt die entsprechende Eignung und Empfehlung der Klassenlehrperson voraus.» «Grundlagen für die Zuteilungsempfehlung in ein bestimmtes Anforderungsniveau bilden: a) Die Beurteilung der fachlichen Leistungen: der ungerundete Notendurchschnitt aus den Fächern Deutsch, Mathematik und Natur, Mensch, Gesellschaft (in Zehntelsnoten ausgedrückt) in der sechsten Klasse der Primarschule im Zeitraum von August bis Ende der 10. Kalenderwoche des folgenden Kalenderjahres; b) die Gesamteinschätzung der Leistungen und der Leistungsentwicklung in allen Fächern; c) die Gesamteinschätzung des Arbeits- und Lernverhaltens bezogen auf die Profile der Anforderungsniveaus B, E und P.» «Für die Zuteilung zu den Anforderungsniveaus gelten die folgenden Notenwerte: a) Sek P: 5,2 und höher; b) Sek E: 4,6 und höher; c) Sek B: tiefer als 4,6.» «Für die Zuteilung gelten die folgenden Planungsgrössen als Richtwerte: a) Sekundarschule B: 30-40% der Schüler und Schülerinnen; b) Sekundarschule E: 40-50% der Schüler und Schülerinnen; c) Sekundarschule P: 15-20% der Schüler und Schülerinnen.»",Laufbahnreglement für die Volksschule (413.412),https://bgs.so.ch/app/de/texts_of_law/413.412,Rechtsgrundlage,"§ 17, 19"
SO,Schlussbericht,Selektionsmechanismen,Zuteilungsverfahren,,Notenschnitt,,ja,,ganzer Kanton,,,"«Die Zuteilung zu den Anforderungsniveaus B, E und P der Sekundarstufe I setzt die entsprechende Eignung und Empfehlung der Klassenlehrperson voraus.» «Grundlagen für die Zuteilungsempfehlung in ein bestimmtes Anforderungsniveau bilden: a) Die Beurteilung der fachlichen Leistungen: der ungerundete Notendurchschnitt aus den Fächern Deutsch, Mathematik und Natur, Mensch, Gesellschaft (in Zehntelsnoten ausgedrückt) in der sechsten Klasse der Primarschule im Zeitraum von August bis Ende der 10. Kalenderwoche des folgenden Kalenderjahres; b) die Gesamteinschätzung der Leistungen und der Leistungsentwicklung in allen Fächern; c) die Gesamteinschätzung des Arbeits- und Lernverhaltens bezogen auf die Profile der Anforderungsniveaus B, E und P.» «Für die Zuteilung zu den Anforderungsniveaus gelten die folgenden Notenwerte: a) Sek P: 5,2 und höher; b) Sek E: 4,6 und höher; c) Sek B: tiefer als 4,6.» «Für die Zuteilung gelten die folgenden Planungsgrössen als Richtwerte: a) Sekundarschule B: 30-40% der Schüler und Schülerinnen; b) Sekundarschule E: 40-50% der Schüler und Schülerinnen; c) Sekundarschule P: 15-20% der Schüler und Schülerinnen.»",Laufbahnreglement für die Volksschule (413.412),https://bgs.so.ch/app/de/texts_of_law/413.412,Rechtsgrundlage,"§ 17, 19"
SZ,Schlussbericht,Selektionsmechanismen,Zuteilungsverfahren,,Empfehlung durch Lehrpersonen,,ja,,ganzer Kanton,,,"«Als Grundlage für Entscheide über Fördermassnahmen oder Schullaufbahnentscheide dient eine Gesamtbeurteilung.» «Die Gesamtbeurteilung umfasst: a) die kognitiven Fähigkeiten; b) die produkt- und prozessbezogenen Leistungsbeurteilungen im Rahmen des Lehrplans; c) die personalen, methodischen und sozialen Kompetenzen; d) die individuelle Entwicklung der Schülerin / des Schülers.» «Die Gesamtbeurteilung nimmt die Klassenlehrpersonen vor. Sie bezieht die Beurteilungen aller Lehrpersonen der Schülerin oder des Schülers mit ein.» (Anm: Gliederung gemäss Weisungen über die Unterrichtsorganisation § 14: Sekundarschule mit höheren Ansprüchen, Realschule mit mittleren Ansprüchen, Werkschule mit Grundansprüchen.)",Beurteilungsreglement für die Volksschule (613.211),https://www.lexfind.ch/fe/de/tol/16798/de,Rechtsgrundlage,§ 18
TG,Schlussbericht,Selektionsmechanismen,Zuteilungsverfahren,,Empfehlung durch Lehrpersonen,,ja,,ganzer Kanton,,,"«Der Antrag der Klassenlehrperson auf die Zuteilung zu einem Typ oder Leistungszug richtet sich nach einer Gesamtbeurteilung des Kindes im Rahmen eines professionellen Ermessensentscheids. Dieser orientiert sich an folgenden Faktoren: a) Überfachlisches Potenzial - Begabungen - Lern-/Arbeitsverhalten - Sozialverhalten - Körperliche und kognitive Entwicklung - Auffassungsaufgabe b) Fachliches Potenzial - Deutsch - Mathematik - Natur, Mensch, Gesellschaft Die Fächer werden gleichwertig gewichtet. Das alleinige Abstellen auf einen Notendurchschnitt ist nicht statthaft.» «Der Antrag auf Zuteilung für die in Niveaus geführten Fächer orientiert sich an den jeweilig erbrachten Leistungen und dem Entwicklungspotenzial.»",Richtlinie betreffend Übertritt in die Sekundarschule und Wechsel in der Sekundarschule,https://av.tg.ch/public/upload/assets/109924/Richtlinie_betreffend_Uebertritt_in_die_Sekundarschule_und_Wechsel_in_der_Sekundarschule_Umstufungen_v._1.6.19.pdf,Rechtsgrundlage,Ziff. B.1
TI,Schlussbericht,Selektionsmechanismen,Zuteilungsverfahren,,Keine Selektion,,ja,,ganzer Kanton,,,"«Ogni allievo licenziato dalla scuola elementare passa al ciclo di osservazione della scuola media.» «Il ciclo di osservazione si propone di scoprire e sviluppare, ad opera dei docenti e degli orientatori, le qualità di ogni allievo e di favorire l'orientamento scolastico.» (Anm: Erst ab dem 3. Schuljahr/ciclo d'orientamento findet eine Differenzierung mit Kursen auf zwei Niveaustufen statt.)",Legge sulla scuola media (412.100),https://www.lexfind.ch/fe/it/tol/19867/it,Rechtsgrundlage,Art. 12
UR,Schlussbericht,Selektionsmechanismen,Zuteilungsverfahren,,Empfehlung durch Lehrpersonen,,ja,,ganzer Kanton,,,"«Die Lehrperson der 6. Klasse a) ermittelt in Gesprächen mit der Schülerin oder dem Schüler und den Eltern, welche Schulart der Sekundarstufe I und bei den Niveaufächern der kooperativen und der integrierten Oberstufe den Fähigkeiten und Interessen der Schülerin oder des Schülers entspricht; b) nimmt den Wunsch der Eltern über die Zuweisung der Schülerin oder des Schülers entgegen; [...] d) weist die Schülerin oder den Schüler der geeigneten Schulart der Sekundarstufe I und bei den Niveaufächern [...] zusätzlich dem geeigneten Niveau zu» «Die Lehrperson berücksichtigt beim Zuweisungsentscheid: a) die Leistungen der Schülerin oder des Schülers in der 5. Klasse und im ersten Semester der 6. Klasse; b) die ganzheitliche Beurteilung der Schülerin oder des Schülers sowie c) die Gespräche mit der Schülerin oder des Schülers und den Eltern.»",Übertrittsreglement (10.1711),https://rechtsbuch.ur.ch/app/de/texts_of_law/10.1711,Rechtsgrundlage,"Art. 4, 5"
VD,Schlussbericht,Selektionsmechanismen,Zuteilungsverfahren,,Notenschnitt,,ja,,ganzer Kanton,,,"«Dès la 9ème année, les élèves sont répartis dans les voies qui préparent aux formations scolaires et professionnelles subséquentes, et qui sont : a. la voie prégymnasiale [...] b. la voie générale...» «Les élèves sont accueillis au degré secondaire I dans les voies en fonction des décisions établies par le conseil de direction des établissements primaires, sur la base des critères suivants: a. les résultats obtenus en fin de 8ème année; b. les résultats obtenus aux épreuves cantonales de référence (ci-après: ECR) [...]. Les résultats des ECR werden pris en compte pour un 30%, alors que les résultats du semestre seront pris en compte pour un 70%.» «En voie générale [...] un enseignement à niveaux est offert en français, mathématiques et allemand. L'enseignement de ces disciplines est organisé selon deux niveaux: a. le niveau 1 correspond à des exigences de base; b. le niveau 2 correspond à des exigences supérieures.» «Cette répartition s'opère en fonction des résultats obtenus en fin de 8ème ainsi qu'aux ECR dans chacune de ces disciplines. Les résultats des ECR seront pris en compte pour un 30%, alors que les résultats du semestre seront pris en compte pour un 70%.»",Loi enseignement obligatoire (400.02),https://www.lexfind.ch/fe/fr/tol/24290/fr,Rechtsgrundlage,Art. 88
VD,Schlussbericht,Selektionsmechanismen,Zuteilungsverfahren,,Aufnahmeprüfung,,ja,,ganzer Kanton,,,"«Dès la 9ème année, les élèves sont répartis dans les voies qui préparent aux formations scolaires et professionnelles subséquentes, et qui sont : a. la voie prégymnasiale [...] b. la voie générale...» «Les élèves sont accueillis au degré secondaire I dans les voies en fonction des décisions établies par le conseil de direction des établissements primaires, sur la base des critères suivants: a. les résultats obtenus en fin de 8ème année; b. les résultats obtenus aux épreuves cantonales de référence (ci-après: ECR) [...]. Les résultats des ECR werden pris en compte pour un 30%, alors que les résultats du semestre seront pris en compte pour un 70%.» «En voie générale [...] un enseignement à niveaux est offert en français, mathématiques et allemand. L'enseignement de ces disciplines est organisé selon deux niveaux: a. le niveau 1 correspond à des exigences de base; b. le niveau 2 correspond à des exigences supérieures.» «Cette répartition s'opère en fonction des résultats obtenus en fin de 8ème ainsi qu'aux ECR dans chacune de ces disciplines. Les résultats des ECR seront pris en compte pour un 30%, alors que les résultats du semestre seront pris en compte pour un 70%.»",Loi enseignement obligatoire (400.02),https://www.lexfind.ch/fe/fr/tol/24290/fr,Rechtsgrundlage,Art. 88
VS,Schlussbericht,Selektionsmechanismen,Zuteilungsverfahren,,Notenschnitt,,ja,,ganzer Kanton,,,"«Au terme de la 8e année de l'école primaire, est admis au CO: a) l'élève promu, soit celui dont la moyenne des notes du premier groupe et la moyenne générale sont égales ou supérieures à 4.0» «La première année regroupe tous les élèves en classes hétérogènes sauf pour la langue d'enseignement (L1) und les mathématiques qui sont enseignées à deux niveaux.» «La répartition dans les niveaux en 1CO se fait en fonction de la moyenne annuelle en fin de 8e primaire dans chacune des branches considérées: a) moyenne annuelle de 5,0 ou plus: possibilité de suivre l'enseignement en niveau I; b) moyenne annuelle de 4,7 ou moins: niveau II; c) moyenne annuelle à 4,8 ou 4,9: niveau I si au moins deux des trois critères ci-après sont favorables, sinon niveau II: 1. résultat de l'examen cantonal: 5,0 et plus: niveau 1; 4,9 et moins: niveau II; 2. avis des parents; 3. avis du maître de 8e primaire fondé sur une évaluation globale.»",Loi sur le cycle d'orientation (411.2),https://lex.vs.ch/app/de/texts_of_law/411.2,Rechtsgrundlage,Art. 24
ZG,Schlussbericht,Selektionsmechanismen,Zuteilungsverfahren,,Empfehlung durch Lehrpersonen,,ja,,ganzer Kanton,,,"«Ziel des Übertrittsverfahrens ist es, die Schüler am Ende der Primarstufe entsprechend ihren Fähigkeiten und ihrer mutmasslichen Entwicklung derjenigen Schulart der Sekundarstufe I zuzuweisen, in der sie am besten gefördert werden können.» «Zentrales Element des Verfahrens ist der von der Lehrperson und den Erziehungsberechtigten, unter Einbezug der Wünsche und Vorstellungen des Schülers, gemeinsam getroffene Zuweisungsentscheid.» «Für den Zuweisungsentscheid sind folgende Kriterien ausschlaggebend: a) die Leistungen und der Entwicklungsverlauf des Schülers in der 5. Klasse und im 1. Semester der 6. Klasse der Primarstufe; b) die Lern-, Sozial- und Selbstkompetenzen des Schülers; c) die Neigungen und Interessen des Schülers.»",Reglement Übertrittsverfahren (412.114),https://bgs.zg.ch/app/de/texts_of_law/412.114,Rechtsgrundlage,"§ 2, 4"
ZH,Schlussbericht,Selektionsmechanismen,Zuteilungsverfahren,,Empfehlung durch Lehrpersonen,,ja,,ganzer Kanton,,,"«Auf der Sekundarstufe werden zwei oder drei Abteilungen gebildet und mit A und B bzw. A, B und C bezeichnet. Die Abteilung A ist die kognitiv anspruchsvollste.» «Die Schülerinnen und Schüler können in höchstens drei Fächern in den Anforderungsstufen I, II und III unterrichtet werden.» (Anm: VSG § 32: «Schullaufbahnentscheide werden aufgrund einer Gesamtbeurteilung getroffen.») «Bei der Gesamtbeurteilung für solche Entscheide werden neben den kognitiven Fähigkeiten sowie dem Arbeits-, Lern- und Sozialverhalten auch die persönliche Entwicklung der Schülerinnen und Schüler berücksichtigt.» «Die Gesamtbeurteilung beruht auf Beobachtungen und Lernkontrollen. In der Regel werden die Beurteilungen aller mit der Schülerin oder dem Schüler befasster Lehrpersonen einbezogen.» «Die Zuteilung zu einer der Abteilungen erfolgt auf Grund einer Gesamtbeurteilung.»",Volksschulverordnung (412.101),https://www.lexfind.ch/fe/de/tol/23319/de,Rechtsgrundlage,"§ 33, 39"
AG,Weitere,Sonderpädagogik,,Separative Beschulung,Sonderschulen,,ja,,ganzer Kanton,,,Es existieren Sonderschulen. Für die Verordnung der Massnahme ist ein Gutachten durch eine anerkannten Fachstelle nötig.,INSEMA,https://www.szh.ch/de/phberninsema,INSEMA,
AI,Weitere,Sonderpädagogik,,Separative Beschulung,Sonderschulen,,ja,,ganzer Kanton,,,Es existieren Sonderschulen.,IDES-Kantonsumfrage,https://edudoc.ch/record/212291/files/085a.pdf,IDES-Kantonsumfrage,Frage 85a
AR,Weitere,Sonderpädagogik,,Separative Beschulung,Sonderschulen,,ja,,ganzer Kanton,,,Es existieren Sonderschulen. Für die Verordnung der Massnahme ist ein Gutachten durch eine anerkannten Fachstelle nötig.,INSEMA,https://www.szh.ch/de/phberninsema,INSEMA,
BE,Weitere,Sonderpädagogik,,Separative Beschulung,Sonderschulen,,ja,,ganzer Kanton,,,Es existieren Sonderschulen. Für die Verordnung der Massnahme ist ein Gutachten durch eine anerkannten Fachstelle nötig.,INSEMA,https://www.szh.ch/de/phberninsema,INSEMA,
BL,Weitere,Sonderpädagogik,,Separative Beschulung,Sonderschulen,,ja,,ganzer Kanton,,,Es existieren Sonderschulen. Für die Verordnung der Massnahme ist ein Gutachten durch eine anerkannten Fachstelle nötig.,INSEMA,https://www.szh.ch/de/phberninsema,INSEMA,
BS,Weitere,Sonderpädagogik,,Separative Beschulung,Sonderschulen,,ja,,ganzer Kanton,,,Es existieren Sonderschulen. Für die Verordnung der Massnahme ist ein Gutachten durch eine anerkannten Fachstelle nötig.,INSEMA,https://www.szh.ch/de/phberninsema,INSEMA,
FR,Weitere,Sonderpädagogik,,Separative Beschulung,Sonderschulen,,ja,,ganzer Kanton,,,Es existieren Sonderschulen. Für die Verordnung der Massnahme ist ein Gutachten durch eine anerkannten Fachstelle nötig.,INSEMA,https://www.szh.ch/de/phberninsema,INSEMA,
GE,Weitere,Sonderpädagogik,,Separative Beschulung,Sonderschulen,,ja,,ganzer Kanton,,,Es existieren Sonderschulen. Für die Verordnung der Massnahme ist ein Gutachten durch eine anerkannten Fachstelle nötig.,INSEMA,https://www.szh.ch/de/phberninsema,INSEMA,
GL,Weitere,Sonderpädagogik,,Separative Beschulung,Sonderschulen,,ja,,ganzer Kanton,,,Es existieren Sonderschulen. Für die Verordnung der Massnahme ist ein Gutachten durch eine anerkannten Fachstelle nötig.,INSEMA,https://www.szh.ch/de/phberninsema,INSEMA,
GR,Weitere,Sonderpädagogik,,Separative Beschulung,Sonderschulen,,ja,,ganzer Kanton,,,Es existieren Sonderschulen. Für die Verordnung der Massnahme ist ein Gutachten durch eine anerkannten Fachstelle nötig.,INSEMA,https://www.szh.ch/de/phberninsema,INSEMA,
JU,Weitere,Sonderpädagogik,,Separative Beschulung,Sonderschulen,,ja,,ganzer Kanton,,,Es existieren Sonderschulen. Für die Verordnung der Massnahme ist ein Gutachten durch eine anerkannten Fachstelle nötig.,INSEMA,https://www.szh.ch/de/phberninsema,INSEMA,
LU,Weitere,Sonderpädagogik,,Separative Beschulung,Sonderschulen,,ja,,ganzer Kanton,,,Es existieren Sonderschulen. Für die Verordnung der Massnahme ist ein Gutachten durch eine anerkannten Fachstelle nötig.,INSEMA,https://www.szh.ch/de/phberninsema,INSEMA,
NE,Weitere,Sonderpädagogik,,Separative Beschulung,Sonderschulen,,ja,,ganzer Kanton,,,Es existieren Sonderschulen. Für die Verordnung der Massnahme ist ein Gutachten durch eine anerkannten Fachstelle nötig.,INSEMA,https://www.szh.ch/de/phberninsema,INSEMA,
NW,Weitere,Sonderpädagogik,,Separative Beschulung,Sonderschulen,,ja,,ganzer Kanton,,,Es existieren Sonderschulen. Für die Verordnung der Massnahme ist ein Gutachten durch eine anerkannten Fachstelle nötig.,INSEMA,https://www.szh.ch/de/phberninsema,INSEMA,
OW,Weitere,Sonderpädagogik,,Separative Beschulung,Sonderschulen,,ja,,ganzer Kanton,,,Es existieren Sonderschulen. Für die Verordnung der Massnahme ist ein Gutachten durch eine anerkannten Fachstelle nötig.,INSEMA,https://www.szh.ch/de/phberninsema,INSEMA,
SG,Weitere,Sonderpädagogik,,Separative Beschulung,Sonderschulen,,ja,,ganzer Kanton,,,Es existieren Sonderschulen. Für die Verordnung der Massnahme ist ein Gutachten durch eine anerkannten Fachstelle nötig.,INSEMA,https://www.szh.ch/de/phberninsema,INSEMA,
SH,Weitere,Sonderpädagogik,,Separative Beschulung,Sonderschulen,,ja,,ganzer Kanton,,,Es existieren Sonderschulen. Für die Verordnung der Massnahme ist ein Gutachten durch eine anerkannten Fachstelle nötig.,INSEMA,https://www.szh.ch/de/phberninsema,INSEMA,
SO,Weitere,Sonderpädagogik,,Separative Beschulung,Sonderschulen,,ja,,ganzer Kanton,,,Es existieren Sonderschulen. Für die Verordnung der Massnahme ist ein Gutachten durch eine anerkannten Fachstelle nötig.,INSEMA,https://www.szh.ch/de/phberninsema,INSEMA,
SZ,Weitere,Sonderpädagogik,,Separative Beschulung,Sonderschulen,,ja,,ganzer Kanton,,,Es existieren Sonderschulen. Für die Verordnung der Massnahme ist ein Gutachten durch eine anerkannten Fachstelle nötig.,INSEMA,https://www.szh.ch/de/phberninsema,INSEMA,
TG,Weitere,Sonderpädagogik,,Separative Beschulung,Sonderschulen,,ja,,ganzer Kanton,,,Es existieren Sonderschulen. Für die Verordnung der Massnahme ist ein Gutachten durch eine anerkannten Fachstelle nötig.,INSEMA,https://www.szh.ch/de/phberninsema,INSEMA,
TI,Weitere,Sonderpädagogik,,Separative Beschulung,Sonderschulen,,ja,,ganzer Kanton,,,Es existieren Sonderschulen. Für die Verordnung der Massnahme ist ein Gutachten durch eine anerkannten Fachstelle nötig.,INSEMA,https://www.szh.ch/de/phberninsema,INSEMA,
UR,Weitere,Sonderpädagogik,,Separative Beschulung,Sonderschulen,,ja,,ganzer Kanton,,,Es existieren Sonderschulen. Für die Verordnung der Massnahme ist ein Gutachten durch eine anerkannten Fachstelle nötig.,INSEMA,https://www.szh.ch/de/phberninsema,INSEMA,
VD,Weitere,Sonderpädagogik,,Separative Beschulung,Sonderschulen,,ja,,ganzer Kanton,,,Es existieren Sonderschulen. Für die Verordnung der Massnahme ist ein Gutachten durch eine anerkannten Fachstelle nötig.,INSEMA,https://www.szh.ch/de/phberninsema,INSEMA,
VS,Weitere,Sonderpädagogik,,Separative Beschulung,Sonderschulen,,ja,,ganzer Kanton,,,Es existieren Sonderschulen. Für die Verordnung der Massnahme ist ein Gutachten durch eine anerkannten Fachstelle nötig.,INSEMA,https://www.szh.ch/de/phberninsema,INSEMA,
ZG,Weitere,Sonderpädagogik,,Separative Beschulung,Sonderschulen,,ja,,ganzer Kanton,,,Es existieren Sonderschulen. Für die Verordnung der Massnahme ist ein Gutachten durch eine anerkannten Fachstelle nötig.,INSEMA,https://www.szh.ch/de/phberninsema,INSEMA,
ZH,Weitere,Sonderpädagogik,,Separative Beschulung,Sonderschulen,,ja,,ganzer Kanton,,,Es existieren Sonderschulen. Für die Verordnung der Massnahme ist ein Gutachten durch eine anerkannten Fachstelle nötig.,INSEMA,https://www.szh.ch/de/phberninsema,INSEMA,
AG,Weitere,Sonderpädagogik,,Separative Beschulung,Einführungsklassen,,ja,,ganzer Kanton,,,Einführungsklassen werden geführt. Die Verordnung der Massnahme erfolgt ohne Gutachten durch eine anerkannten Fachstelle.,INSEMA,https://www.szh.ch/de/phberninsema,INSEMA,
AI,Weitere,Sonderpädagogik,,Separative Beschulung,Einführungsklassen,,ja,,ganzer Kanton,,,"""Aufgrund der rückläufigen Schülerinnen- und Schülerzahlen in der Klein-, Vorschul- und Einführungsklasse in der Schulgemeinde Appenzell werden diese Sonderklassen im Zyklus 1 bereits auf das Schuljahr 2025/2026 aufgelöst.""",Schulgemeinde Appenzell,https://www.ai.ch/themen/bildung/schulwesen/aktuelles/zukunft-der-ersten-schuljahre-ist-geklaert,Kantonale Quelle,
AR,Weitere,Sonderpädagogik,,Separative Beschulung,Einführungsklassen,,nein,,ganzer Kanton,,,Einführungsklassen existieren nicht.,INSEMA,https://www.szh.ch/de/phberninsema,INSEMA,
BE,Weitere,Sonderpädagogik,,Separative Beschulung,Einführungsklassen,,ja,,ganzer Kanton,,,Einführungsklassen werden geführt. Für die Verordnung der Massnahme ist ein Gutachten durch eine anerkannten Fachstelle nötig.,INSEMA,https://www.szh.ch/de/phberninsema,INSEMA,
BL,Weitere,Sonderpädagogik,,Separative Beschulung,Einführungsklassen,,ja,,ganzer Kanton,,,Einführungsklassen werden geführt. Die Verordnung der Massnahme erfolgt ohne Gutachten durch eine anerkannten Fachstelle.,INSEMA,https://www.szh.ch/de/phberninsema,INSEMA,
BS,Weitere,Sonderpädagogik,,Separative Beschulung,Einführungsklassen,,ja,,ganzer Kanton,,,Einführungsklassen werden geführt. Die Verordnung der Massnahme erfolgt ohne Gutachten durch eine anerkannten Fachstelle.,INSEMA,https://www.szh.ch/de/phberninsema,INSEMA,
FR,Weitere,Sonderpädagogik,,Separative Beschulung,Einführungsklassen,,nein,,ganzer Kanton,,,Einführungsklassen existieren nicht.,INSEMA,https://www.szh.ch/de/phberninsema,INSEMA,
GE,Weitere,Sonderpädagogik,,Separative Beschulung,Einführungsklassen,,nein,,ganzer Kanton,,,Einführungsklassen existieren nicht.,INSEMA,https://www.szh.ch/de/phberninsema,INSEMA,
GL,Weitere,Sonderpädagogik,,Separative Beschulung,Einführungsklassen,,ja,,ganzer Kanton,,,Einführungsklassen werden geführt. Die Verordnung der Massnahme erfolgt ohne Gutachten durch eine anerkannten Fachstelle.,INSEMA,https://www.szh.ch/de/phberninsema,INSEMA,
GR,Weitere,Sonderpädagogik,,Separative Beschulung,Einführungsklassen,,nein,,ganzer Kanton,,,Einführungsklassen existieren nicht.,INSEMA,https://www.szh.ch/de/phberninsema,INSEMA,
JU,Weitere,Sonderpädagogik,,Separative Beschulung,Einführungsklassen,,ja,,ganzer Kanton,,,Einführungsklassen werden geführt. Für die Verordnung der Massnahme ist ein Gutachten durch eine anerkannten Fachstelle nötig.,INSEMA,https://www.szh.ch/de/phberninsema,INSEMA,
LU,Weitere,Sonderpädagogik,,Separative Beschulung,Einführungsklassen,,nein,,ganzer Kanton,,,Einführungsklassen existieren nicht.,INSEMA,https://www.szh.ch/de/phberninsema,INSEMA,
NE,Weitere,Sonderpädagogik,,Separative Beschulung,Einführungsklassen,,nein,,ganzer Kanton,,,Einführungsklassen existieren nicht.,INSEMA,https://www.szh.ch/de/phberninsema,INSEMA,
NW,Weitere,Sonderpädagogik,,Separative Beschulung,Einführungsklassen,,nein,,ganzer Kanton,,,Einführungsklassen existieren nicht.,INSEMA,https://www.szh.ch/de/phberninsema,INSEMA,
OW,Weitere,Sonderpädagogik,,Separative Beschulung,Einführungsklassen,,nein,,ganzer Kanton,,,Einführungsklassen existieren nicht.,INSEMA,https://www.szh.ch/de/phberninsema,INSEMA,
SG,Weitere,Sonderpädagogik,,Separative Beschulung,Einführungsklassen,,ja,,ganzer Kanton,,,Einführungsklassen werden geführt. Für die Verordnung der Massnahme ist ein Gutachten durch eine anerkannten Fachstelle nötig.,INSEMA,https://www.szh.ch/de/phberninsema,INSEMA,
SH,Weitere,Sonderpädagogik,,Separative Beschulung,Einführungsklassen,,ja,,ganzer Kanton,,,Einführungsklassen werden geführt. Für die Verordnung der Massnahme ist ein Gutachten durch eine anerkannten Fachstelle nötig.,INSEMA,https://www.szh.ch/de/phberninsema,INSEMA,
SO,Weitere,Sonderpädagogik,,Separative Beschulung,Einführungsklassen,,nein,,ganzer Kanton,,,Einführungsklassen existieren nicht.,INSEMA,https://www.szh.ch/de/phberninsema,INSEMA,
SZ,Weitere,Sonderpädagogik,,Separative Beschulung,Einführungsklassen,,ja,,ganzer Kanton,,,Einführungsklassen werden geführt. Die Verordnung der Massnahme erfolgt ohne Gutachten durch eine anerkannten Fachstelle.,INSEMA,https://www.szh.ch/de/phberninsema,INSEMA,
TG,Weitere,Sonderpädagogik,,Separative Beschulung,Einführungsklassen,,ja,,ganzer Kanton,,,Einführungsklassen werden geführt.,INSEMA,https://www.szh.ch/de/phberninsema,INSEMA,
TI,Weitere,Sonderpädagogik,,Separative Beschulung,Einführungsklassen,,nein,,ganzer Kanton,,,Einführungsklassen existieren nicht.,INSEMA,https://www.szh.ch/de/phberninsema,INSEMA,
UR,Weitere,Sonderpädagogik,,Separative Beschulung,Einführungsklassen,,nein,,ganzer Kanton,,,Einführungsklassen existieren nicht.,INSEMA,https://www.szh.ch/de/phberninsema,INSEMA,
VD,Weitere,Sonderpädagogik,,Separative Beschulung,Einführungsklassen,,nein,,ganzer Kanton,,,Einführungsklassen existieren nicht.,INSEMA,https://www.szh.ch/de/phberninsema,INSEMA,
VS,Weitere,Sonderpädagogik,,Separative Beschulung,Einführungsklassen,,nein,,ganzer Kanton,,,Einführungsklassen existieren nicht.,INSEMA,https://www.szh.ch/de/phberninsema,INSEMA,
ZG,Weitere,Sonderpädagogik,,Separative Beschulung,Einführungsklassen,,ja,,ganzer Kanton,,,Einführungsklassen werden geführt. Für die Verordnung der Massnahme ist ein Gutachten durch eine anerkannten Fachstelle nötig.,INSEMA,https://www.szh.ch/de/phberninsema,INSEMA,
ZH,Weitere,Sonderpädagogik,,Separative Beschulung,Einführungsklassen,,ja,,ganzer Kanton,,,Einführungsklassen werden geführt.,INSEMA,https://www.szh.ch/de/phberninsema,INSEMA,
AG,Weitere,Sonderpädagogik,,Integrative Beschulung,Niederschwellige integrative Förderung,,ja,,ganzer Kanton,,,"Niederschwellige integrative Förderung existiert, wird nicht im Zeugnis vermerkt und für die Verordnung der Massnahme ist kein Gutachten durch eine anerkannte Fachstelle nötig.",INSEMA,https://www.szh.ch/de/phberninsema,INSEMA,
AI,Weitere,Sonderpädagogik,,Integrative Beschulung,Niederschwellige integrative Förderung,,keine Angabe,,ganzer Kanton,,,Niederschwellige integrative Förderung unklar,,,,
AR,Weitere,Sonderpädagogik,,Integrative Beschulung,Niederschwellige integrative Förderung,,ja,,ganzer Kanton,,,"Niederschwellige integrative Förderung existiert, wird nicht im Zeugnis vermerkt und für die Verordnung der Massnahme ist kein Gutachten durch eine anerkannte Fachstelle nötig.",INSEMA,https://www.szh.ch/de/phberninsema,INSEMA,
BE,Weitere,Sonderpädagogik,,Integrative Beschulung,Niederschwellige integrative Förderung,,ja,,ganzer Kanton,,,"Niederschwellige integrative Förderung existiert, wird nicht im Zeugnis vermerkt und für die Verordnung der Massnahme ist kein Gutachten durch eine anerkannte Fachstelle nötig.",INSEMA,https://www.szh.ch/de/phberninsema,INSEMA,
BL,Weitere,Sonderpädagogik,,Integrative Beschulung,Niederschwellige integrative Förderung,,ja,,ganzer Kanton,,,"Niederschwellige integrative Förderung existiert, wird nicht im Zeugnis vermerkt und für die Verordnung der Massnahme ist kein Gutachten durch eine anerkannte Fachstelle nötig.",INSEMA,https://www.szh.ch/de/phberninsema,INSEMA,
BS,Weitere,Sonderpädagogik,,Integrative Beschulung,Niederschwellige integrative Förderung,,ja,,ganzer Kanton,,,"Niederschwellige integrative Förderung existiert, wird nicht im Zeugnis vermerkt und für die Verordnung der Massnahme ist kein Gutachten durch eine anerkannte Fachstelle nötig.",INSEMA,https://www.szh.ch/de/phberninsema,INSEMA,
FR,Weitere,Sonderpädagogik,,Integrative Beschulung,Niederschwellige integrative Förderung,,ja,,ganzer Kanton,,,"Niederschwellige integrative Förderung existiert, wird je nach Sprachregion im Zeugnis vermerkt und für die Verordnung der Massnahme ist je nach Sprachregion ein Gutachten durch eine anerkannte Fachstelle nötig.",INSEMA,https://www.szh.ch/de/phberninsema,INSEMA,
GE,Weitere,Sonderpädagogik,,Integrative Beschulung,Niederschwellige integrative Förderung,,ja,,ganzer Kanton,,,"Niederschwellige integrative Förderung existiert, wird nicht im Zeugnis vermerkt und für die Verordnung der Massnahme ist kein Gutachten durch eine anerkannte Fachstelle nötig.",INSEMA,https://www.szh.ch/de/phberninsema,INSEMA,
GL,Weitere,Sonderpädagogik,,Integrative Beschulung,Niederschwellige integrative Förderung,,ja,,ganzer Kanton,,,"Niederschwellige integrative Förderung existiert, wird nicht im Zeugnis vermerkt und für die Verordnung der Massnahme ist kein Gutachten durch eine anerkannte Fachstelle nötig.",INSEMA,https://www.szh.ch/de/phberninsema,INSEMA,
GR,Weitere,Sonderpädagogik,,Integrative Beschulung,Niederschwellige integrative Förderung,,ja,,ganzer Kanton,,,"Niederschwellige integrative Förderung existiert, wird im Zeugnis vermerkt (ab 3. Klassenstufe) und für die Verordnung der Massnahme ist kein Gutachten durch eine anerkannte Fachstelle nötig.",INSEMA,https://www.szh.ch/de/phberninsema,INSEMA,
JU,Weitere,Sonderpädagogik,,Integrative Beschulung,Niederschwellige integrative Förderung,,ja,,ganzer Kanton,,,"Niederschwellige integrative Förderung existiert, wird nicht im Zeugnis vermerkt und für die Verordnung der Massnahme ist kein Gutachten durch eine anerkannte Fachstelle nötig.",INSEMA,https://www.szh.ch/de/phberninsema,INSEMA,
LU,Weitere,Sonderpädagogik,,Integrative Beschulung,Niederschwellige integrative Förderung,,ja,,ganzer Kanton,,,"Niederschwellige integrative Förderung existiert, wird nicht im Zeugnis vermerkt und für die Verordnung der Massnahme ist kein Gutachten durch eine anerkannte Fachstelle nötig.",INSEMA,https://www.szh.ch/de/phberninsema,INSEMA,
NE,Weitere,Sonderpädagogik,,Integrative Beschulung,Niederschwellige integrative Förderung,,ja,,ganzer Kanton,,,"Niederschwellige integrative Förderung existiert, wird nicht im Zeugnis vermerkt und für die Verordnung der Massnahme ist kein Gutachten durch eine anerkannte Fachstelle nötig.",INSEMA,https://www.szh.ch/de/phberninsema,INSEMA,
NW,Weitere,Sonderpädagogik,,Integrative Beschulung,Niederschwellige integrative Förderung,,ja,,ganzer Kanton,,,"Niederschwellige integrative Förderung existiert, wird nicht im Zeugnis vermerkt und für die Verordnung der Massnahme ist kein Gutachten durch eine anerkannte Fachstelle nötig.",INSEMA,https://www.szh.ch/de/phberninsema,INSEMA,
OW,Weitere,Sonderpädagogik,,Integrative Beschulung,Niederschwellige integrative Förderung,,ja,,ganzer Kanton,,,"Niederschwellige integrative Förderung existiert, wird nicht im Zeugnis vermerkt und für die Verordnung der Massnahme ist kein Gutachten durch eine anerkannte Fachstelle nötig.",INSEMA,https://www.szh.ch/de/phberninsema,INSEMA,
SG,Weitere,Sonderpädagogik,,Integrative Beschulung,Niederschwellige integrative Förderung,,ja,,ganzer Kanton,,,"Niederschwellige integrative Förderung existiert, wird nicht im Zeugnis vermerkt und für die Verordnung der Massnahme ist kein Gutachten durch eine anerkannte Fachstelle nötig.",INSEMA,https://www.szh.ch/de/phberninsema,INSEMA,
SH,Weitere,Sonderpädagogik,,Integrative Beschulung,Niederschwellige integrative Förderung,,ja,,ganzer Kanton,,,"Niederschwellige integrative Förderung existiert, wird nicht im Zeugnis vermerkt und für die Verordnung der Massnahme ist kein Gutachten durch eine anerkannte Fachstelle nötig.",INSEMA,https://www.szh.ch/de/phberninsema,INSEMA,
SO,Weitere,Sonderpädagogik,,Integrative Beschulung,Niederschwellige integrative Förderung,,ja,,ganzer Kanton,,,"Niederschwellige integrative Förderung existiert, wird nicht im Zeugnis vermerkt und für die Verordnung der Massnahme ist kein Gutachten durch eine anerkannte Fachstelle nötig.",INSEMA,https://www.szh.ch/de/phberninsema,INSEMA,
SZ,Weitere,Sonderpädagogik,,Integrative Beschulung,Niederschwellige integrative Förderung,,ja,,ganzer Kanton,,,"Niederschwellige integrative Förderung existiert, wird nicht im Zeugnis vermerkt und für die Verordnung der Massnahme ist kein Gutachten durch eine anerkannte Fachstelle nötig.",INSEMA,https://www.szh.ch/de/phberninsema,INSEMA,
TG,Weitere,Sonderpädagogik,,Integrative Beschulung,Niederschwellige integrative Förderung,,ja,,ganzer Kanton,,,"Niederschwellige integrative Förderung existiert, wird nicht im Zeugnis vermerkt und für die Verordnung der Massnahme ist kein Gutachten durch eine anerkannte Fachstelle nötig.",INSEMA,https://www.szh.ch/de/phberninsema,INSEMA,
TI,Weitere,Sonderpädagogik,,Integrative Beschulung,Niederschwellige integrative Förderung,,ja,,ganzer Kanton,,,"Niederschwellige integrative Förderung existiert, wird nicht im Zeugnis vermerkt und für die Verordnung der Massnahme ist kein Gutachten durch eine anerkannte Fachstelle nötig.",INSEMA,https://www.szh.ch/de/phberninsema,INSEMA,
UR,Weitere,Sonderpädagogik,,Integrative Beschulung,Niederschwellige integrative Förderung,,ja,,ganzer Kanton,,,"Niederschwellige integrative Förderung existiert, wird nicht im Zeugnis vermerkt und für die Verordnung der Massnahme ist kein Gutachten durch eine anerkannte Fachstelle nötig.",INSEMA,https://www.szh.ch/de/phberninsema,INSEMA,
VD,Weitere,Sonderpädagogik,,Integrative Beschulung,Niederschwellige integrative Förderung,,ja,,ganzer Kanton,,,"Niederschwellige integrative Förderung existiert, wird nicht im Zeugnis vermerkt und für die Verordnung der Massnahme ist kein Gutachten durch eine anerkannte Fachstelle nötig.",INSEMA,https://www.szh.ch/de/phberninsema,INSEMA,
VS,Weitere,Sonderpädagogik,,Integrative Beschulung,Niederschwellige integrative Förderung,,ja,,ganzer Kanton,,,"Niederschwellige integrative Förderung existiert, wird nicht im Zeugnis vermerkt und für die Verordnung der Massnahme ist kein Gutachten durch eine anerkannte Fachstelle nötig.",INSEMA,https://www.szh.ch/de/phberninsema,INSEMA,
ZG,Weitere,Sonderpädagogik,,Integrative Beschulung,Niederschwellige integrative Förderung,,ja,,ganzer Kanton,,,"Niederschwellige integrative Förderung existiert, wird im Zeugnis vermerkt (ab 3. Klassenstufe) und für die Verordnung der Massnahme ist ein Gutachten durch eine anerkannte Fachstelle nötig.",INSEMA,https://www.szh.ch/de/phberninsema,INSEMA,
ZH,Weitere,Sonderpädagogik,,Integrative Beschulung,Niederschwellige integrative Förderung,,ja,,ganzer Kanton,,,"Niederschwellige integrative Förderung existiert, wird nicht im Zeugnis vermerkt und für die Verordnung der Massnahme ist kein Gutachten durch eine anerkannte Fachstelle nötig.",INSEMA,https://www.szh.ch/de/phberninsema,INSEMA,
AG,Weitere,Sonderpädagogik,,Integrative Beschulung,Angepasste Lernziele,,ja,,ganzer Kanton,,,"Angepasste Lernziele existieren, werden im Zeugnis vermerkt und für die Verordnung der Massnahme ist kein Gutachten durch eine anerkannte Fachstelle nötig.",INSEMA,https://www.szh.ch/de/phberninsema,INSEMA,
AI,Weitere,Sonderpädagogik,,Integrative Beschulung,Angepasste Lernziele,,ja,,ganzer Kanton,,,"In Absprache mit den Inhabern der elterlichen Sorge und dem Volksschulamt oder der Schulleitung können für Schüler in einzelnen Fachbereichen individuelle Lernziele festgelegt werden. Dies wird im Notenfeld mit ""ILZ"" und dem Hinweis ""Dokumentation Lernbericht"" ausgewiesen.",Landesschulkommissionsbeschluss zum Schulgesetz (411.012),https://ai.clex.ch/app/de/texts_of_law/411.012,Rechtsgrundlage,22e
AR,Weitere,Sonderpädagogik,,Integrative Beschulung,Angepasste Lernziele,,ja,,ganzer Kanton,,,"Angepasste Lernziele existieren, werden im Zeugnis vermerkt und für die Verordnung der Massnahme ist kein Gutachten durch eine anerkannte Fachstelle nötig.",INSEMA,https://www.szh.ch/de/phberninsema,INSEMA,
BE,Weitere,Sonderpädagogik,,Integrative Beschulung,Angepasste Lernziele,,ja,,ganzer Kanton,,,"Angepasste Lernziele existieren, werden im Zeugnis vermerkt und für die Verordnung der Massnahme ist kein Gutachten durch eine anerkannte Fachstelle nötig.",INSEMA,https://www.szh.ch/de/phberninsema,INSEMA,
BL,Weitere,Sonderpädagogik,,Integrative Beschulung,Angepasste Lernziele,,ja,,ganzer Kanton,,,"Angepasste Lernziele existieren, werden im Zeugnis vermerkt und für die Verordnung der Massnahme ist ein Gutachten durch eine anerkannte Fachstelle nötig.",INSEMA,https://www.szh.ch/de/phberninsema,INSEMA,
BS,Weitere,Sonderpädagogik,,Integrative Beschulung,Angepasste Lernziele,,ja,,ganzer Kanton,,,"Angepasste Lernziele existieren, werden im Zeugnis vermerkt und für die Verordnung der Massnahme ist kein Gutachten durch eine anerkannte Fachstelle nötig.",INSEMA,https://www.szh.ch/de/phberninsema,INSEMA,
FR,Weitere,Sonderpädagogik,,Integrative Beschulung,Angepasste Lernziele,,ja,,ganzer Kanton,,,"Angepasste Lernziele existieren, werden im Zeugnis vermerkt und für die Verordnung der Massnahme ist je nach Sprachregion ein Gutachten durch eine anerkannte Fachstelle nötig.",INSEMA,https://www.szh.ch/de/phberninsema,INSEMA,
GE,Weitere,Sonderpädagogik,,Integrative Beschulung,Angepasste Lernziele,,ja,,ganzer Kanton,,,"Angepasste Lernziele existieren, werden im Zeugnis vermerkt und für die Verordnung der Massnahme ist ein Gutachten durch eine anerkannte Fachstelle nötig.",INSEMA,https://www.szh.ch/de/phberninsema,INSEMA,
GL,Weitere,Sonderpädagogik,,Integrative Beschulung,Angepasste Lernziele,,ja,,ganzer Kanton,,,"Angepasste Lernziele existieren, werden im Zeugnis vermerkt und für die Verordnung der Massnahme ist kein Gutachten durch eine anerkannte Fachstelle nötig.",INSEMA,https://www.szh.ch/de/phberninsema,INSEMA,
GR,Weitere,Sonderpädagogik,,Integrative Beschulung,Angepasste Lernziele,,ja,,ganzer Kanton,,,"Angepasste Lernziele existieren, werden im Zeugnis vermerkt und für die Verordnung der Massnahme ist ein Gutachten durch eine anerkannte Fachstelle nötig.",INSEMA,https://www.szh.ch/de/phberninsema,INSEMA,
JU,Weitere,Sonderpädagogik,,Integrative Beschulung,Angepasste Lernziele,,ja,,ganzer Kanton,,,"Angepasste Lernziele existieren, werden im Zeugnis vermerkt und für die Verordnung der Massnahme ist ein Gutachten durch eine anerkannte Fachstelle nötig.",INSEMA,https://www.szh.ch/de/phberninsema,INSEMA,
LU,Weitere,Sonderpädagogik,,Integrative Beschulung,Angepasste Lernziele,,ja,,ganzer Kanton,,,"Angepasste Lernziele existieren, werden im Zeugnis vermerkt und für die Verordnung der Massnahme ist kein Gutachten durch eine anerkannte Fachstelle nötig.",INSEMA,https://www.szh.ch/de/phberninsema,INSEMA,
NE,Weitere,Sonderpädagogik,,Integrative Beschulung,Angepasste Lernziele,,ja,,ganzer Kanton,,,"Angepasste Lernziele existieren, werden im Zeugnis vermerkt und für die Verordnung der Massnahme ist ein Gutachten durch eine anerkannte Fachstelle nötig.",INSEMA,https://www.szh.ch/de/phberninsema,INSEMA,
NW,Weitere,Sonderpädagogik,,Integrative Beschulung,Angepasste Lernziele,,ja,,ganzer Kanton,,,"Angepasste Lernziele existieren, werden im Zeugnis vermerkt und für die Verordnung der Massnahme ist ein Gutachten durch eine anerkannte Fachstelle nötig.",INSEMA,https://www.szh.ch/de/phberninsema,INSEMA,
OW,Weitere,Sonderpädagogik,,Integrative Beschulung,Angepasste Lernziele,,ja,,ganzer Kanton,,,"Angepasste Lernziele existieren, werden im Zeugnis vermerkt und für die Verordnung der Massnahme ist kein Gutachten durch eine anerkannte Fachstelle nötig.",INSEMA,https://www.szh.ch/de/phberninsema,INSEMA,
SG,Weitere,Sonderpädagogik,,Integrative Beschulung,Angepasste Lernziele,,ja,,ganzer Kanton,,,"Angepasste Lernziele existieren, werden im Zeugnis vermerkt und für die Verordnung der Massnahme ist ein Gutachten durch eine anerkannte Fachstelle nötig.",INSEMA,https://www.szh.ch/de/phberninsema,INSEMA,
SH,Weitere,Sonderpädagogik,,Integrative Beschulung,Angepasste Lernziele,,ja,,ganzer Kanton,,,"Angepasste Lernziele existieren, werden im Zeugnis vermerkt und für die Verordnung der Massnahme ist ein Gutachten durch eine anerkannte Fachstelle nötig.",INSEMA,https://www.szh.ch/de/phberninsema,INSEMA,
SO,Weitere,Sonderpädagogik,,Integrative Beschulung,Angepasste Lernziele,,ja,,ganzer Kanton,,,"Angepasste Lernziele existieren, werden im Zeugnis vermerkt und für die Verordnung der Massnahme ist ein Gutachten durch eine anerkannte Fachstelle nötig.",INSEMA,https://www.szh.ch/de/phberninsema,INSEMA,
SZ,Weitere,Sonderpädagogik,,Integrative Beschulung,Angepasste Lernziele,,ja,,ganzer Kanton,,,"Angepasste Lernziele existieren, werden im Zeugnis vermerkt und für die Verordnung der Massnahme ist kein Gutachten durch eine anerkannte Fachstelle nötig.",INSEMA,https://www.szh.ch/de/phberninsema,INSEMA,
TG,Weitere,Sonderpädagogik,,Integrative Beschulung,Angepasste Lernziele,,ja,,ganzer Kanton,,,"Angepasste Lernziele existieren, werden im Zeugnis vermerkt und für die Verordnung der Massnahme ist kein Gutachten durch eine anerkannte Fachstelle nötig.",INSEMA,https://www.szh.ch/de/phberninsema,INSEMA,
TI,Weitere,Sonderpädagogik,,Integrative Beschulung,Angepasste Lernziele,,ja,,ganzer Kanton,,,"Angepasste Lernziele existieren, werden nicht im Zeugnis vermerkt und für die Verordnung der Massnahme ist kein Gutachten durch eine anerkannte Fachstelle nötig.",INSEMA,https://www.szh.ch/de/phberninsema,INSEMA,
UR,Weitere,Sonderpädagogik,,Integrative Beschulung,Angepasste Lernziele,,ja,,ganzer Kanton,,,"Angepasste Lernziele existieren, werden im Zeugnis vermerkt und für die Verordnung der Massnahme ist ein Gutachten durch eine anerkannte Fachstelle nötig.",INSEMA,https://www.szh.ch/de/phberninsema,INSEMA,
VD,Weitere,Sonderpädagogik,,Integrative Beschulung,Angepasste Lernziele,,ja,,ganzer Kanton,,,"Angepasste Lernziele existieren, werden im Zeugnis vermerkt und für die Verordnung der Massnahme ist kein Gutachten durch eine anerkannte Fachstelle nötig.",INSEMA,https://www.szh.ch/de/phberninsema,INSEMA,
VS,Weitere,Sonderpädagogik,,Integrative Beschulung,Angepasste Lernziele,,ja,,ganzer Kanton,,,"Angepasste Lernziele existieren, werden im Zeugnis vermerkt und für die Verordnung der Massnahme ist kein Gutachten durch eine anerkannte Fachstelle nötig.",INSEMA,https://www.szh.ch/de/phberninsema,INSEMA,
ZG,Weitere,Sonderpädagogik,,Integrative Beschulung,Angepasste Lernziele,,ja,,ganzer Kanton,,,"Angepasste Lernziele existieren, werden im Zeugnis vermerkt und für die Verordnung der Massnahme ist kein Gutachten durch eine anerkannte Fachstelle nötig.",INSEMA,https://www.szh.ch/de/phberninsema,INSEMA,
ZH,Weitere,Sonderpädagogik,,Integrative Beschulung,Angepasste Lernziele,,ja,,ganzer Kanton,,,"Angepasste Lernziele existieren, werden im Zeugnis vermerkt und für die Verordnung der Massnahme ist kein Gutachten durch eine anerkannte Fachstelle nötig.",INSEMA,https://www.szh.ch/de/phberninsema,INSEMA,
AG,Weitere,Sonderpädagogik,,Integrative Beschulung,Nachteilsausgleich,,ja,,ganzer Kanton,,,"Nachteilsausgleich existiert, wird nicht im Zeugnis vermerkt und für die Verordnung der Massnahme ist ein Gutachten durch eine anerkannte Fachstelle nötig.",INSEMA,https://www.szh.ch/de/phberninsema,INSEMA,
AI,Weitere,Sonderpädagogik,,Integrative Beschulung,Nachteilsausgleich,,keine Angabe,,ganzer Kanton,,,Nachteilsausgleich unklar,,,,
AR,Weitere,Sonderpädagogik,,Integrative Beschulung,Nachteilsausgleich,,ja,,ganzer Kanton,,,"Nachteilsausgleich existiert, wird nicht im Zeugnis vermerkt und für die Verordnung der Massnahme ist ein Gutachten durch eine anerkannte Fachstelle nötig.",INSEMA,https://www.szh.ch/de/phberninsema,INSEMA,
BE,Weitere,Sonderpädagogik,,Integrative Beschulung,Nachteilsausgleich,,ja,,ganzer Kanton,,,"Nachteilsausgleich existiert, wird nicht im Zeugnis vermerkt und für die Verordnung der Massnahme ist ein Gutachten durch eine anerkannte Fachstelle nötig.",INSEMA,https://www.szh.ch/de/phberninsema,INSEMA,
BL,Weitere,Sonderpädagogik,,Integrative Beschulung,Nachteilsausgleich,,ja,,ganzer Kanton,,,"Nachteilsausgleich existiert, wird nicht im Zeugnis vermerkt und für die Verordnung der Massnahme ist ein Gutachten durch eine anerkannte Fachstelle nötig.",INSEMA,https://www.szh.ch/de/phberninsema,INSEMA,
BS,Weitere,Sonderpädagogik,,Integrative Beschulung,Nachteilsausgleich,,ja,,ganzer Kanton,,,"Nachteilsausgleich existiert, wird nicht im Zeugnis vermerkt und für die Verordnung der Massnahme ist ein Gutachten durch eine anerkannte Fachstelle nötig.",INSEMA,https://www.szh.ch/de/phberninsema,INSEMA,
FR,Weitere,Sonderpädagogik,,Integrative Beschulung,Nachteilsausgleich,,ja,,ganzer Kanton,,,"Nachteilsausgleich existiert, wird nicht im Zeugnis vermerkt und für die Verordnung der Massnahme ist ein Gutachten durch eine anerkannte Fachstelle nötig.",INSEMA,https://www.szh.ch/de/phberninsema,INSEMA,
GE,Weitere,Sonderpädagogik,,Integrative Beschulung,Nachteilsausgleich,,ja,,ganzer Kanton,,,"Nachteilsausgleich existiert, wird nicht im Zeugnis vermerkt und für die Verordnung der Massnahme ist ein Gutachten durch eine anerkannte Fachstelle nötig.",INSEMA,https://www.szh.ch/de/phberninsema,INSEMA,
GL,Weitere,Sonderpädagogik,,Integrative Beschulung,Nachteilsausgleich,,ja,,ganzer Kanton,,,"Nachteilsausgleich existiert, wird nicht im Zeugnis vermerkt und für die Verordnung der Massnahme ist ein Gutachten durch eine anerkannte Fachstelle nötig.",INSEMA,https://www.szh.ch/de/phberninsema,INSEMA,
GR,Weitere,Sonderpädagogik,,Integrative Beschulung,Nachteilsausgleich,,ja,,ganzer Kanton,,,"Nachteilsausgleich existiert, wird nicht im Zeugnis vermerkt und für die Verordnung der Massnahme ist ein Gutachten durch eine anerkannte Fachstelle nötig.",INSEMA,https://www.szh.ch/de/phberninsema,INSEMA,
JU,Weitere,Sonderpädagogik,,Integrative Beschulung,Nachteilsausgleich,,ja,,ganzer Kanton,,,"Nachteilsausgleich existiert, wird nicht im Zeugnis vermerkt und für die Verordnung der Massnahme ist ein Gutachten durch eine anerkannte Fachstelle nötig.",INSEMA,https://www.szh.ch/de/phberninsema,INSEMA,
LU,Weitere,Sonderpädagogik,,Integrative Beschulung,Nachteilsausgleich,,ja,,ganzer Kanton,,,"Nachteilsausgleich existiert, wird nicht im Zeugnis vermerkt und für die Verordnung der Massnahme ist ein Gutachten durch eine anerkannte Fachstelle nötig.",INSEMA,https://www.szh.ch/de/phberninsema,INSEMA,
NE,Weitere,Sonderpädagogik,,Integrative Beschulung,Nachteilsausgleich,,ja,,ganzer Kanton,,,"Nachteilsausgleich existiert, wird nicht im Zeugnis vermerkt und für die Verordnung der Massnahme ist ein Gutachten durch eine anerkannte Fachstelle nötig.",INSEMA,https://www.szh.ch/de/phberninsema,INSEMA,
NW,Weitere,Sonderpädagogik,,Integrative Beschulung,Nachteilsausgleich,,ja,,ganzer Kanton,,,"Nachteilsausgleich existiert, wird nicht im Zeugnis vermerkt und für die Verordnung der Massnahme ist ein Gutachten durch eine anerkannte Fachstelle nötig.",INSEMA,https://www.szh.ch/de/phberninsema,INSEMA,
OW,Weitere,Sonderpädagogik,,Integrative Beschulung,Nachteilsausgleich,,ja,,ganzer Kanton,,,"Nachteilsausgleich existiert, wird nicht im Zeugnis vermerkt und für die Verordnung der Massnahme ist ein Gutachten durch eine anerkannte Fachstelle nötig.",INSEMA,https://www.szh.ch/de/phberninsema,INSEMA,
SG,Weitere,Sonderpädagogik,,Integrative Beschulung,Nachteilsausgleich,,ja,,ganzer Kanton,,,"Nachteilsausgleich existiert, wird nicht im Zeugnis vermerkt und für die Verordnung der Massnahme ist ein Gutachten durch eine anerkannte Fachstelle nötig.",INSEMA,https://www.szh.ch/de/phberninsema,INSEMA,
SH,Weitere,Sonderpädagogik,,Integrative Beschulung,Nachteilsausgleich,,ja,,ganzer Kanton,,,"Nachteilsausgleich existiert, wird nicht im Zeugnis vermerkt und für die Verordnung der Massnahme ist ein Gutachten durch eine anerkannte Fachstelle nötig.",INSEMA,https://www.szh.ch/de/phberninsema,INSEMA,
SO,Weitere,Sonderpädagogik,,Integrative Beschulung,Nachteilsausgleich,,ja,,ganzer Kanton,,,"Nachteilsausgleich existiert, wird nicht im Zeugnis vermerkt und für die Verordnung der Massnahme ist kein Gutachten durch eine anerkannte Fachstelle nötig.",INSEMA,https://www.szh.ch/de/phberninsema,INSEMA,
SZ,Weitere,Sonderpädagogik,,Integrative Beschulung,Nachteilsausgleich,,ja,,ganzer Kanton,,,"Nachteilsausgleich existiert, wird nicht im Zeugnis vermerkt und für die Verordnung der Massnahme ist kein Gutachten durch eine anerkannte Fachstelle nötig.",INSEMA,https://www.szh.ch/de/phberninsema,INSEMA,
TG,Weitere,Sonderpädagogik,,Integrative Beschulung,Nachteilsausgleich,,ja,,ganzer Kanton,,,"Nachteilsausgleich existiert, wird nicht im Zeugnis vermerkt und für die Verordnung der Massnahme ist ein Gutachten durch eine anerkannte Fachstelle nötig.",INSEMA,https://www.szh.ch/de/phberninsema,INSEMA,
TI,Weitere,Sonderpädagogik,,Integrative Beschulung,Nachteilsausgleich,,ja,,ganzer Kanton,,,"Nachteilsausgleich existiert, wird nicht im Zeugnis vermerkt und für die Verordnung der Massnahme ist kein Gutachten durch eine anerkannte Fachstelle nötig.",INSEMA,https://www.szh.ch/de/phberninsema,INSEMA,
UR,Weitere,Sonderpädagogik,,Integrative Beschulung,Nachteilsausgleich,,ja,,ganzer Kanton,,,"Nachteilsausgleich existiert, wird nicht im Zeugnis vermerkt und für die Verordnung der Massnahme ist ein Gutachten durch eine anerkannte Fachstelle nötig.",INSEMA,https://www.szh.ch/de/phberninsema,INSEMA,
VD,Weitere,Sonderpädagogik,,Integrative Beschulung,Nachteilsausgleich,,ja,,ganzer Kanton,,,"Nachteilsausgleich existiert, wird nicht im Zeugnis vermerkt und für die Verordnung der Massnahme ist ein Gutachten durch eine anerkannte Fachstelle nötig.",INSEMA,https://www.szh.ch/de/phberninsema,INSEMA,
VS,Weitere,Sonderpädagogik,,Integrative Beschulung,Nachteilsausgleich,,ja,,ganzer Kanton,,,"Nachteilsausgleich existiert, wird nicht im Zeugnis vermerkt und für die Verordnung der Massnahme ist ein Gutachten durch eine anerkannte Fachstelle nötig.",INSEMA,https://www.szh.ch/de/phberninsema,INSEMA,
ZG,Weitere,Sonderpädagogik,,Integrative Beschulung,Nachteilsausgleich,,ja,,ganzer Kanton,,,"Nachteilsausgleich existiert, wird nicht im Zeugnis vermerkt und für die Verordnung der Massnahme ist ein Gutachten durch eine anerkannte Fachstelle nötig.",INSEMA,https://www.szh.ch/de/phberninsema,INSEMA,
ZH,Weitere,Sonderpädagogik,,Integrative Beschulung,Nachteilsausgleich,,ja,,ganzer Kanton,,,"Nachteilsausgleich existiert, wird nicht im Zeugnis vermerkt und für die Verordnung der Massnahme ist ein Gutachten durch eine anerkannte Fachstelle nötig.",INSEMA,https://www.szh.ch/de/phberninsema,INSEMA,
AG,Weitere,Sonderpädagogik,,Integrative Beschulung,Verstärkte integrative Förderung,,ja,,ganzer Kanton,,,"Verstärkte integrative Förderung existiert, wird nicht im Zeugnis vermerkt und für die Verordnung der Massnahme ist kein Gutachten durch eine anerkannte Fachstelle nötig.",INSEMA,https://www.szh.ch/de/phberninsema,INSEMA,
AI,Weitere,Sonderpädagogik,,Integrative Beschulung,Verstärkte integrative Förderung,,keine Angabe,,ganzer Kanton,,,Verstärkte integrative Förderung unklar,,,,
AR,Weitere,Sonderpädagogik,,Integrative Beschulung,Verstärkte integrative Förderung,,ja,,ganzer Kanton,,,"Verstärkte integrative Förderung existiert, wird je nach Vorhandensein von angepassten Lernzielen im Zeugnis vermerkt und für die Verordnung der Massnahme ist ein Gutachten durch eine anerkannte Fachstelle nötig.",INSEMA,https://www.szh.ch/de/phberninsema,INSEMA,
BE,Weitere,Sonderpädagogik,,Integrative Beschulung,Verstärkte integrative Förderung,,ja,,ganzer Kanton,,,"Verstärkte integrative Förderung existiert, wird im Zeugnis vermerkt und für die Verordnung der Massnahme ist ein Gutachten durch eine anerkannte Fachstelle nötig.",INSEMA,https://www.szh.ch/de/phberninsema,INSEMA,
BL,Weitere,Sonderpädagogik,,Integrative Beschulung,Verstärkte integrative Förderung,,ja,,ganzer Kanton,,,"Verstärkte integrative Förderung existiert, wird im Zeugnis vermerkt und für die Verordnung der Massnahme ist ein Gutachten durch eine anerkannte Fachstelle nötig.",INSEMA,https://www.szh.ch/de/phberninsema,INSEMA,
BS,Weitere,Sonderpädagogik,,Integrative Beschulung,Verstärkte integrative Förderung,,ja,,ganzer Kanton,,,"Verstärkte integrative Förderung existiert, wird nicht im Zeugnis vermerkt und für die Verordnung der Massnahme ist ein Gutachten durch eine anerkannte Fachstelle nötig.",INSEMA,https://www.szh.ch/de/phberninsema,INSEMA,
FR,Weitere,Sonderpädagogik,,Integrative Beschulung,Verstärkte integrative Förderung,,ja,,ganzer Kanton,,,"Verstärkte integrative Förderung existiert, wird im Zeugnis vermerkt und für die Verordnung der Massnahme ist ein Gutachten durch eine anerkannte Fachstelle nötig.",INSEMA,https://www.szh.ch/de/phberninsema,INSEMA,
GE,Weitere,Sonderpädagogik,,Integrative Beschulung,Verstärkte integrative Förderung,,ja,,ganzer Kanton,,,"Verstärkte integrative Förderung existiert, wird nicht im Zeugnis vermerkt und für die Verordnung der Massnahme ist ein Gutachten durch eine anerkannte Fachstelle nötig.",INSEMA,https://www.szh.ch/de/phberninsema,INSEMA,
GL,Weitere,Sonderpädagogik,,Integrative Beschulung,Verstärkte integrative Förderung,,ja,,ganzer Kanton,,,"Verstärkte integrative Förderung existiert, wird nicht im Zeugnis vermerkt und für die Verordnung der Massnahme ist ein Gutachten durch eine anerkannte Fachstelle nötig.",INSEMA,https://www.szh.ch/de/phberninsema,INSEMA,
GR,Weitere,Sonderpädagogik,,Integrative Beschulung,Verstärkte integrative Förderung,,ja,,ganzer Kanton,,,"Verstärkte integrative Förderung existiert, wird im Zeugnis vermerkt und für die Verordnung der Massnahme ist ein Gutachten durch eine anerkannte Fachstelle nötig.",INSEMA,https://www.szh.ch/de/phberninsema,INSEMA,
JU,Weitere,Sonderpädagogik,,Integrative Beschulung,Verstärkte integrative Förderung,,ja,,ganzer Kanton,,,"Verstärkte integrative Förderung existiert, wird nicht im Zeugnis vermerkt und für die Verordnung der Massnahme ist ein Gutachten durch eine anerkannte Fachstelle nötig.",INSEMA,https://www.szh.ch/de/phberninsema,INSEMA,
LU,Weitere,Sonderpädagogik,,Integrative Beschulung,Verstärkte integrative Förderung,,ja,,ganzer Kanton,,,"Verstärkte integrative Förderung existiert, wird im Zeugnis vermerkt und für die Verordnung der Massnahme ist ein Gutachten durch eine anerkannte Fachstelle nötig.",INSEMA,https://www.szh.ch/de/phberninsema,INSEMA,
NE,Weitere,Sonderpädagogik,,Integrative Beschulung,Verstärkte integrative Förderung,,ja,,ganzer Kanton,,,"Verstärkte integrative Förderung existiert, wird nicht im Zeugnis vermerkt und für die Verordnung der Massnahme ist ein Gutachten durch eine anerkannte Fachstelle nötig.",INSEMA,https://www.szh.ch/de/phberninsema,INSEMA,
NW,Weitere,Sonderpädagogik,,Integrative Beschulung,Verstärkte integrative Förderung,,ja,,ganzer Kanton,,,"Verstärkte integrative Förderung existiert, wird im Zeugnis vermerkt und für die Verordnung der Massnahme ist ein Gutachten durch eine anerkannte Fachstelle nötig.",INSEMA,https://www.szh.ch/de/phberninsema,INSEMA,
OW,Weitere,Sonderpädagogik,,Integrative Beschulung,Verstärkte integrative Förderung,,ja,,ganzer Kanton,,,"Verstärkte integrative Förderung existiert, wird im Zeugnis vermerkt und für die Verordnung der Massnahme ist ein Gutachten durch eine anerkannte Fachstelle nötig.",INSEMA,https://www.szh.ch/de/phberninsema,INSEMA,
SG,Weitere,Sonderpädagogik,,Integrative Beschulung,Verstärkte integrative Förderung,,ja,,ganzer Kanton,,,"Verstärkte integrative Förderung existiert, wird nicht im Zeugnis vermerkt und für die Verordnung der Massnahme ist kein Gutachten durch eine anerkannte Fachstelle nötig.",INSEMA,https://www.szh.ch/de/phberninsema,INSEMA,
SH,Weitere,Sonderpädagogik,,Integrative Beschulung,Verstärkte integrative Förderung,,ja,,ganzer Kanton,,,"Verstärkte integrative Förderung existiert, wird nicht im Zeugnis vermerkt und für die Verordnung der Massnahme ist ein Gutachten durch eine anerkannte Fachstelle nötig.",INSEMA,https://www.szh.ch/de/phberninsema,INSEMA,
SO,Weitere,Sonderpädagogik,,Integrative Beschulung,Verstärkte integrative Förderung,,ja,,ganzer Kanton,,,"Verstärkte integrative Förderung existiert, wird nicht im Zeugnis vermerkt und für die Verordnung der Massnahme ist ein Gutachten durch eine anerkannte Fachstelle nötig.",INSEMA,https://www.szh.ch/de/phberninsema,INSEMA,
SZ,Weitere,Sonderpädagogik,,Integrative Beschulung,Verstärkte integrative Förderung,,ja,,ganzer Kanton,,,"Verstärkte integrative Förderung existiert, wird im Zeugnis vermerkt und für die Verordnung der Massnahme ist ein Gutachten durch eine anerkannte Fachstelle nötig.",INSEMA,https://www.szh.ch/de/phberninsema,INSEMA,
TG,Weitere,Sonderpädagogik,,Integrative Beschulung,Verstärkte integrative Förderung,,ja,,ganzer Kanton,,,"Verstärkte integrative Förderung existiert, wird im Zeugnis vermerkt und für die Verordnung der Massnahme ist ein Gutachten durch eine anerkannte Fachstelle nötig.",INSEMA,https://www.szh.ch/de/phberninsema,INSEMA,
TI,Weitere,Sonderpädagogik,,Integrative Beschulung,Verstärkte integrative Förderung,,ja,,ganzer Kanton,,,"Verstärkte integrative Förderung existiert, wird nicht im Zeugnis vermerkt und für die Verordnung der Massnahme ist ein Gutachten durch eine anerkannte Fachstelle nötig.",INSEMA,https://www.szh.ch/de/phberninsema,INSEMA,
UR,Weitere,Sonderpädagogik,,Integrative Beschulung,Verstärkte integrative Förderung,,ja,,ganzer Kanton,,,"Verstärkte integrative Förderung existiert, wird im Zeugnis vermerkt und für die Verordnung der Massnahme ist ein Gutachten durch eine anerkannte Fachstelle nötig.",INSEMA,https://www.szh.ch/de/phberninsema,INSEMA,
VD,Weitere,Sonderpädagogik,,Integrative Beschulung,Verstärkte integrative Förderung,,ja,,ganzer Kanton,,,"Verstärkte integrative Förderung existiert, wird nicht im Zeugnis vermerkt und für die Verordnung der Massnahme ist ein Gutachten durch eine anerkannte Fachstelle nötig.",INSEMA,https://www.szh.ch/de/phberninsema,INSEMA,
VS,Weitere,Sonderpädagogik,,Integrative Beschulung,Verstärkte integrative Förderung,,ja,,ganzer Kanton,,,"Verstärkte integrative Förderung existiert, wird im Zeugnis vermerkt und für die Verordnung der Massnahme ist ein Gutachten durch eine anerkannte Fachstelle nötig.",INSEMA,https://www.szh.ch/de/phberninsema,INSEMA,
ZG,Weitere,Sonderpädagogik,,Integrative Beschulung,Verstärkte integrative Förderung,,ja,,ganzer Kanton,,,"Verstärkte integrative Förderung existiert, wird im Zeugnis vermerkt und für die Verordnung der Massnahme ist ein Gutachten durch eine anerkannte Fachstelle nötig.",INSEMA,https://www.szh.ch/de/phberninsema,INSEMA,
ZH,Weitere,Sonderpädagogik,,Integrative Beschulung,Verstärkte integrative Förderung,,ja,,ganzer Kanton,,,"Verstärkte integrative Förderung existiert, wird nicht im Zeugnis vermerkt und für die Verordnung der Massnahme ist ein Gutachten durch eine anerkannte Fachstelle nötig.",INSEMA,https://www.szh.ch/de/phberninsema,INSEMA,
AG,Weitere,Sonderpädagogik,,Förderangebote für Begabte,Binnendifferenzierung in der Regelklasse,,ja,,ganzer Kanton,,,Binnendiffernzierung für begabte Lernende vorgesehen.,IDES-Kantonsumfrage,https://edudoc.ch/record/212264/files/057.pdf,IDES-Kantonsumfrage,Frage 57
AI,Weitere,Sonderpädagogik,,Förderangebote für Begabte,Binnendifferenzierung in der Regelklasse,,ja,,ganzer Kanton,,,Binnendiffernzierung für begabte Lernende vorgesehen.,IDES-Kantonsumfrage,https://edudoc.ch/record/212264/files/057.pdf,IDES-Kantonsumfrage,Frage 57
AR,Weitere,Sonderpädagogik,,Förderangebote für Begabte,Binnendifferenzierung in der Regelklasse,,ja,,ganzer Kanton,,,Binnendiffernzierung für begabte Lernende vorgesehen.,IDES-Kantonsumfrage,https://edudoc.ch/record/212264/files/057.pdf,IDES-Kantonsumfrage,Frage 57
BE,Weitere,Sonderpädagogik,,Förderangebote für Begabte,Binnendifferenzierung in der Regelklasse,,ja,,ganzer Kanton,,,Binnendiffernzierung für begabte Lernende vorgesehen.,IDES-Kantonsumfrage,https://edudoc.ch/record/212264/files/057.pdf,IDES-Kantonsumfrage,Frage 57
BL,Weitere,Sonderpädagogik,,Förderangebote für Begabte,Binnendifferenzierung in der Regelklasse,,ja,,ganzer Kanton,,,Binnendiffernzierung für begabte Lernende vorgesehen.,IDES-Kantonsumfrage,https://edudoc.ch/record/212264/files/057.pdf,IDES-Kantonsumfrage,Frage 57
BS,Weitere,Sonderpädagogik,,Förderangebote für Begabte,Binnendifferenzierung in der Regelklasse,,ja,,ganzer Kanton,,,Binnendiffernzierung für begabte Lernende vorgesehen.,IDES-Kantonsumfrage,https://edudoc.ch/record/212264/files/057.pdf,IDES-Kantonsumfrage,Frage 57
FR,Weitere,Sonderpädagogik,,Förderangebote für Begabte,Binnendifferenzierung in der Regelklasse,,ja,,ganzer Kanton,,,Binnendiffernzierung für begabte Lernende vorgesehen.,IDES-Kantonsumfrage,https://edudoc.ch/record/212264/files/057.pdf,IDES-Kantonsumfrage,Frage 57
GE,Weitere,Sonderpädagogik,,Förderangebote für Begabte,Binnendifferenzierung in der Regelklasse,,ja,,ganzer Kanton,,,Binnendiffernzierung für begabte Lernende vorgesehen.,IDES-Kantonsumfrage,https://edudoc.ch/record/212264/files/057.pdf,IDES-Kantonsumfrage,Frage 57
GL,Weitere,Sonderpädagogik,,Förderangebote für Begabte,Binnendifferenzierung in der Regelklasse,,ja,,ganzer Kanton,,,Binnendiffernzierung für begabte Lernende vorgesehen.,IDES-Kantonsumfrage,https://edudoc.ch/record/212264/files/057.pdf,IDES-Kantonsumfrage,Frage 57
GR,Weitere,Sonderpädagogik,,Förderangebote für Begabte,Binnendifferenzierung in der Regelklasse,,ja,,ganzer Kanton,,,Binnendiffernzierung für begabte Lernende vorgesehen.,IDES-Kantonsumfrage,https://edudoc.ch/record/212264/files/057.pdf,IDES-Kantonsumfrage,Frage 57
JU,Weitere,Sonderpädagogik,,Förderangebote für Begabte,Binnendifferenzierung in der Regelklasse,,ja,,ganzer Kanton,,,Binnendiffernzierung für begabte Lernende vorgesehen.,IDES-Kantonsumfrage,https://edudoc.ch/record/212264/files/057.pdf,IDES-Kantonsumfrage,Frage 57
LU,Weitere,Sonderpädagogik,,Förderangebote für Begabte,Binnendifferenzierung in der Regelklasse,,ja,,ganzer Kanton,,,Binnendiffernzierung für begabte Lernende vorgesehen.,IDES-Kantonsumfrage,https://edudoc.ch/record/212264/files/057.pdf,IDES-Kantonsumfrage,Frage 57
NE,Weitere,Sonderpädagogik,,Förderangebote für Begabte,Binnendifferenzierung in der Regelklasse,,ja,,ganzer Kanton,,,Binnendiffernzierung für begabte Lernende vorgesehen.,IDES-Kantonsumfrage,https://edudoc.ch/record/212264/files/057.pdf,IDES-Kantonsumfrage,Frage 57
NW,Weitere,Sonderpädagogik,,Förderangebote für Begabte,Binnendifferenzierung in der Regelklasse,,ja,,ganzer Kanton,,,Binnendiffernzierung für begabte Lernende vorgesehen.,IDES-Kantonsumfrage,https://edudoc.ch/record/212264/files/057.pdf,IDES-Kantonsumfrage,Frage 57
OW,Weitere,Sonderpädagogik,,Förderangebote für Begabte,Binnendifferenzierung in der Regelklasse,,ja,,ganzer Kanton,,,Binnendiffernzierung für begabte Lernende vorgesehen.,IDES-Kantonsumfrage,https://edudoc.ch/record/212264/files/057.pdf,IDES-Kantonsumfrage,Frage 57
SG,Weitere,Sonderpädagogik,,Förderangebote für Begabte,Binnendifferenzierung in der Regelklasse,,ja,,ganzer Kanton,,,Binnendiffernzierung für begabte Lernende vorgesehen.,IDES-Kantonsumfrage,https://edudoc.ch/record/212264/files/057.pdf,IDES-Kantonsumfrage,Frage 57
SH,Weitere,Sonderpädagogik,,Förderangebote für Begabte,Binnendifferenzierung in der Regelklasse,,ja,,ganzer Kanton,,,Binnendiffernzierung für begabte Lernende vorgesehen.,IDES-Kantonsumfrage,https://edudoc.ch/record/212264/files/057.pdf,IDES-Kantonsumfrage,Frage 57
SO,Weitere,Sonderpädagogik,,Förderangebote für Begabte,Binnendifferenzierung in der Regelklasse,,ja,,ganzer Kanton,,,Binnendiffernzierung für begabte Lernende vorgesehen.,IDES-Kantonsumfrage,https://edudoc.ch/record/212264/files/057.pdf,IDES-Kantonsumfrage,Frage 57
SZ,Weitere,Sonderpädagogik,,Förderangebote für Begabte,Binnendifferenzierung in der Regelklasse,,ja,,ganzer Kanton,,,Binnendiffernzierung für begabte Lernende vorgesehen.,IDES-Kantonsumfrage,https://edudoc.ch/record/212264/files/057.pdf,IDES-Kantonsumfrage,Frage 57
TG,Weitere,Sonderpädagogik,,Förderangebote für Begabte,Binnendifferenzierung in der Regelklasse,,ja,,ganzer Kanton,,,Binnendiffernzierung für begabte Lernende vorgesehen.,IDES-Kantonsumfrage,https://edudoc.ch/record/212264/files/057.pdf,IDES-Kantonsumfrage,Frage 57
TI,Weitere,Sonderpädagogik,,Förderangebote für Begabte,Binnendifferenzierung in der Regelklasse,,ja,,ganzer Kanton,,,Binnendiffernzierung für begabte Lernende vorgesehen.,IDES-Kantonsumfrage,https://edudoc.ch/record/212264/files/057.pdf,IDES-Kantonsumfrage,Frage 57
UR,Weitere,Sonderpädagogik,,Förderangebote für Begabte,Binnendifferenzierung in der Regelklasse,,ja,,ganzer Kanton,,,Binnendiffernzierung für begabte Lernende vorgesehen.,IDES-Kantonsumfrage,https://edudoc.ch/record/212264/files/057.pdf,IDES-Kantonsumfrage,Frage 57
VD,Weitere,Sonderpädagogik,,Förderangebote für Begabte,Binnendifferenzierung in der Regelklasse,,ja,,ganzer Kanton,,,Binnendiffernzierung für begabte Lernende vorgesehen.,IDES-Kantonsumfrage,https://edudoc.ch/record/212264/files/057.pdf,IDES-Kantonsumfrage,Frage 57
VS,Weitere,Sonderpädagogik,,Förderangebote für Begabte,Binnendifferenzierung in der Regelklasse,,ja,,ganzer Kanton,,,Binnendiffernzierung für begabte Lernende vorgesehen.,IDES-Kantonsumfrage,https://edudoc.ch/record/212264/files/057.pdf,IDES-Kantonsumfrage,Frage 57
ZG,Weitere,Sonderpädagogik,,Förderangebote für Begabte,Binnendifferenzierung in der Regelklasse,,ja,,ganzer Kanton,,,Binnendiffernzierung für begabte Lernende vorgesehen.,IDES-Kantonsumfrage,https://edudoc.ch/record/212264/files/057.pdf,IDES-Kantonsumfrage,Frage 57
ZH,Weitere,Sonderpädagogik,,Förderangebote für Begabte,Binnendifferenzierung in der Regelklasse,,ja,,ganzer Kanton,,,Binnendiffernzierung für begabte Lernende vorgesehen.,IDES-Kantonsumfrage,https://edudoc.ch/record/212264/files/057.pdf,IDES-Kantonsumfrage,Frage 57
AG,Weitere,Sonderpädagogik,,Förderangebote für Begabte,Akzeleration,,ja,,ganzer Kanton,,,Akzeleration von begabten Lernende möglich.,IDES-Kantonsumfrage,https://edudoc.ch/record/212264/files/057.pdf,IDES-Kantonsumfrage,Frage 57
AI,Weitere,Sonderpädagogik,,Förderangebote für Begabte,Akzeleration,,ja,,ganzer Kanton,,,Akzeleration von begabten Lernende möglich.,IDES-Kantonsumfrage,https://edudoc.ch/record/212264/files/057.pdf,IDES-Kantonsumfrage,Frage 57
AR,Weitere,Sonderpädagogik,,Förderangebote für Begabte,Akzeleration,,ja,,ganzer Kanton,,,Akzeleration von begabten Lernende möglich.,IDES-Kantonsumfrage,https://edudoc.ch/record/212264/files/057.pdf,IDES-Kantonsumfrage,Frage 57
BE,Weitere,Sonderpädagogik,,Förderangebote für Begabte,Akzeleration,,ja,,ganzer Kanton,,,Akzeleration von begabten Lernende möglich.,IDES-Kantonsumfrage,https://edudoc.ch/record/212264/files/057.pdf,IDES-Kantonsumfrage,Frage 57
BL,Weitere,Sonderpädagogik,,Förderangebote für Begabte,Akzeleration,,ja,,ganzer Kanton,,,Akzeleration von begabten Lernende möglich.,IDES-Kantonsumfrage,https://edudoc.ch/record/212264/files/057.pdf,IDES-Kantonsumfrage,Frage 57
BS,Weitere,Sonderpädagogik,,Förderangebote für Begabte,Akzeleration,,ja,,ganzer Kanton,,,Akzeleration von begabten Lernende möglich.,IDES-Kantonsumfrage,https://edudoc.ch/record/212264/files/057.pdf,IDES-Kantonsumfrage,Frage 57
FR,Weitere,Sonderpädagogik,,Förderangebote für Begabte,Akzeleration,,ja,,ganzer Kanton,,,Akzeleration von begabten Lernende möglich.,IDES-Kantonsumfrage,https://edudoc.ch/record/212264/files/057.pdf,IDES-Kantonsumfrage,Frage 57
GE,Weitere,Sonderpädagogik,,Förderangebote für Begabte,Akzeleration,,ja,,ganzer Kanton,,,Akzeleration von begabten Lernende möglich.,IDES-Kantonsumfrage,https://edudoc.ch/record/212264/files/057.pdf,IDES-Kantonsumfrage,Frage 57
GL,Weitere,Sonderpädagogik,,Förderangebote für Begabte,Akzeleration,,ja,,ganzer Kanton,,,Akzeleration von begabten Lernende möglich.,IDES-Kantonsumfrage,https://edudoc.ch/record/212264/files/057.pdf,IDES-Kantonsumfrage,Frage 57
GR,Weitere,Sonderpädagogik,,Förderangebote für Begabte,Akzeleration,,ja,,ganzer Kanton,,,Akzeleration von begabten Lernende möglich.,IDES-Kantonsumfrage,https://edudoc.ch/record/212264/files/057.pdf,IDES-Kantonsumfrage,Frage 57
JU,Weitere,Sonderpädagogik,,Förderangebote für Begabte,Akzeleration,,ja,,ganzer Kanton,,,Akzeleration von begabten Lernende möglich.,IDES-Kantonsumfrage,https://edudoc.ch/record/212264/files/057.pdf,IDES-Kantonsumfrage,Frage 57
LU,Weitere,Sonderpädagogik,,Förderangebote für Begabte,Akzeleration,,ja,,ganzer Kanton,,,Akzeleration von begabten Lernende möglich.,IDES-Kantonsumfrage,https://edudoc.ch/record/212264/files/057.pdf,IDES-Kantonsumfrage,Frage 57
NE,Weitere,Sonderpädagogik,,Förderangebote für Begabte,Akzeleration,,ja,,ganzer Kanton,,,Akzeleration von begabten Lernende möglich.,IDES-Kantonsumfrage,https://edudoc.ch/record/212264/files/057.pdf,IDES-Kantonsumfrage,Frage 57
NW,Weitere,Sonderpädagogik,,Förderangebote für Begabte,Akzeleration,,ja,,ganzer Kanton,,,Akzeleration von begabten Lernende möglich.,IDES-Kantonsumfrage,https://edudoc.ch/record/212264/files/057.pdf,IDES-Kantonsumfrage,Frage 57
OW,Weitere,Sonderpädagogik,,Förderangebote für Begabte,Akzeleration,,ja,,ganzer Kanton,,,Akzeleration von begabten Lernende möglich.,IDES-Kantonsumfrage,https://edudoc.ch/record/212264/files/057.pdf,IDES-Kantonsumfrage,Frage 57
SG,Weitere,Sonderpädagogik,,Förderangebote für Begabte,Akzeleration,,ja,,ganzer Kanton,,,Akzeleration von begabten Lernende möglich.,IDES-Kantonsumfrage,https://edudoc.ch/record/212264/files/057.pdf,IDES-Kantonsumfrage,Frage 57
SH,Weitere,Sonderpädagogik,,Förderangebote für Begabte,Akzeleration,,ja,,ganzer Kanton,,,Akzeleration von begabten Lernende möglich.,IDES-Kantonsumfrage,https://edudoc.ch/record/212264/files/057.pdf,IDES-Kantonsumfrage,Frage 57
SO,Weitere,Sonderpädagogik,,Förderangebote für Begabte,Akzeleration,,ja,,ganzer Kanton,,,Akzeleration von begabten Lernende möglich.,IDES-Kantonsumfrage,https://edudoc.ch/record/212264/files/057.pdf,IDES-Kantonsumfrage,Frage 57
SZ,Weitere,Sonderpädagogik,,Förderangebote für Begabte,Akzeleration,,ja,,ganzer Kanton,,,Akzeleration von begabten Lernende möglich.,IDES-Kantonsumfrage,https://edudoc.ch/record/212264/files/057.pdf,IDES-Kantonsumfrage,Frage 57
TG,Weitere,Sonderpädagogik,,Förderangebote für Begabte,Akzeleration,,ja,,ganzer Kanton,,,Akzeleration von begabten Lernende möglich.,IDES-Kantonsumfrage,https://edudoc.ch/record/212264/files/057.pdf,IDES-Kantonsumfrage,Frage 57
TI,Weitere,Sonderpädagogik,,Förderangebote für Begabte,Akzeleration,,ja,,ganzer Kanton,,,Akzeleration von begabten Lernende möglich.,IDES-Kantonsumfrage,https://edudoc.ch/record/212264/files/057.pdf,IDES-Kantonsumfrage,Frage 57
UR,Weitere,Sonderpädagogik,,Förderangebote für Begabte,Akzeleration,,ja,,ganzer Kanton,,,Akzeleration von begabten Lernende möglich.,IDES-Kantonsumfrage,https://edudoc.ch/record/212264/files/057.pdf,IDES-Kantonsumfrage,Frage 57
VD,Weitere,Sonderpädagogik,,Förderangebote für Begabte,Akzeleration,,ja,,ganzer Kanton,,,Akzeleration von begabten Lernende möglich.,IDES-Kantonsumfrage,https://edudoc.ch/record/212264/files/057.pdf,IDES-Kantonsumfrage,Frage 57
VS,Weitere,Sonderpädagogik,,Förderangebote für Begabte,Akzeleration,,ja,,ganzer Kanton,,,Akzeleration von begabten Lernende möglich.,IDES-Kantonsumfrage,https://edudoc.ch/record/212264/files/057.pdf,IDES-Kantonsumfrage,Frage 57
ZG,Weitere,Sonderpädagogik,,Förderangebote für Begabte,Akzeleration,,ja,,ganzer Kanton,,,Akzeleration von begabten Lernende möglich.,IDES-Kantonsumfrage,https://edudoc.ch/record/212264/files/057.pdf,IDES-Kantonsumfrage,Frage 57
ZH,Weitere,Sonderpädagogik,,Förderangebote für Begabte,Akzeleration,,ja,,ganzer Kanton,,,Akzeleration von begabten Lernende möglich.,IDES-Kantonsumfrage,https://edudoc.ch/record/212264/files/057.pdf,IDES-Kantonsumfrage,Frage 57
AI,Weitere,Allokation auf Schulformen,,Zugang zum Gymnasium,Aufnahmeprüfung (Gymnasium),,ja,,ganzer Kanton,,,"Eintritt in die 3. Gymnasialklasse nach der 2. Sekundarklasse (10. Bildungsjahr) erfordert das Bestehen einer kantonalen Aufnahmeprüfung in den Fächern Deutsch, Französisch, Englisch, Algebra und Geometrie (bei Schwerpunkt Latein zusätzlich Lateinprüfung).",IDES-Dossier - Übertritt in allgemeinbildende Schulen der Sekundarstufe II: rechtliche Grundlagen,https://edudoc.ch/record/236040?ln=de,IDES-Dossier,
AI,Weitere,Allokation auf Schulformen,,Zugang zum Gymnasium,Noten (Gymnasium),,ja,,ganzer Kanton,,,"Eintritt in die 1. Klasse des Langzeitgymnasiums nach dem 8. Bildungsjahr (6. Primar): Zuweisung durch Aufnahmekommission basierend auf den Zeugnisnoten der letzten 3 Semester (DE 2x, MA 2x, NMG 1x) und überfachlichen Kompetenzen. Aus der 1. Sek (9. Bildungsjahr) ist Mindestschnitt 5.0 und Lehrpersonen-Empfehlung nötig. Einsemestrige Probezeit.",IDES-Dossier - Übertritt in allgemeinbildende Schulen der Sekundarstufe II: rechtliche Grundlagen,https://edudoc.ch/record/236040?ln=de,IDES-Dossier,
AI,Weitere,Allokation auf Schulformen,,Zugang zum Gymnasium,Empfehlung Lehrperson (Gymnasium),,ja,,ganzer Kanton,,,"Eintritt in die 1. Klasse des Langzeitgymnasiums nach dem 8. Bildungsjahr (6. Primar): Zuweisung durch Aufnahmekommission basierend auf den Zeugnisnoten der letzten 3 Semester (DE 2x, MA 2x, NMG 1x) und überfachlichen Kompetenzen. Aus der 1. Sek (9. Bildungsjahr) ist Mindestschnitt 5.0 und Lehrpersonen-Empfehlung nötig. Einsemestrige Probezeit.",IDES-Dossier - Übertritt in allgemeinbildende Schulen der Sekundarstufe II: rechtliche Grundlagen,https://edudoc.ch/record/236040?ln=de,IDES-Dossier,
AR,Weitere,Allokation auf Schulformen,,Zugang zum Gymnasium,Aufnahmeprüfung (Gymnasium),,ja,,ganzer Kanton,,,"Für einen Eintritt ins Gymnasium benötigen die Lernenden mindesens 38 von 57 Punkten. Über Vornoten können maximal 33 Punkte erreicht werden, über die Aufnahmeprüfung maximal 24 Punkte. In Grenzfällen wird auch das Arbeits-, Lern- und Sozialverhalten berücksichtigt.",IDES-Dossier - Übertritt in allgemeinbildende Schulen der Sekundarstufe II: rechtliche Grundlagen,https://edudoc.ch/record/236040?ln=de,IDES-Dossier,
AR,Weitere,Allokation auf Schulformen,,Zugang zum Gymnasium,Noten (Gymnasium),,ja,,ganzer Kanton,,,"Für einen Eintritt ins Gymnasium benötigen die Lernenden mindesens 38 von 57 Punkten. Über Vornoten können maximal 33 Punkte erreicht werden, über die Aufnahmeprüfung maximal 24 Punkte. In Grenzfällen wird auch das Arbeits-, Lern- und Sozialverhalten berücksichtigt.",IDES-Dossier - Übertritt in allgemeinbildende Schulen der Sekundarstufe II: rechtliche Grundlagen,https://edudoc.ch/record/236040?ln=de,IDES-Dossier,
GL,Weitere,Allokation auf Schulformen,,Zugang zum Gymnasium,Aufnahmeprüfung (Gymnasium),,ja,,ganzer Kanton,,,"Für die Aufnahme ist eine Aufnahmeprüfung zu bestehen. Für das Bestehen der Aufnahmeprüfung sind die Prüfungsnoten in Deutsch, Mathematik und dem Prüfungsgespräch sowie die Beurteilung der Fachleistung durch die abgebende Schule ausschlaggebend.",IDES-Dossier - Übertritt in allgemeinbildende Schulen der Sekundarstufe II: rechtliche Grundlagen,https://edudoc.ch/record/236040?ln=de,IDES-Dossier,
GL,Weitere,Allokation auf Schulformen,,Zugang zum Gymnasium,Noten (Gymnasium),,ja,,ganzer Kanton,,,"Für die Aufnahme ist eine Aufnahmeprüfung zu bestehen. Für das Bestehen der Aufnahmeprüfung sind die Prüfungsnoten in Deutsch, Mathematik und dem Prüfungsgespräch sowie die Beurteilung der Fachleistung durch die abgebende Schule ausschlaggebend.",IDES-Dossier - Übertritt in allgemeinbildende Schulen der Sekundarstufe II: rechtliche Grundlagen,https://edudoc.ch/record/236040?ln=de,IDES-Dossier,
GR,Weitere,Allokation auf Schulformen,,Zugang zum Gymnasium,Aufnahmeprüfung (Gymnasium),,ja,,ganzer Kanton,,,"Für den Eintritt nach dem 8. Bildungsjahr berechnet sich die Endnote als auf zwei Dezimalstellen gerundeter Durchschnitt aus der Prüfungsfachnote Sprachen, der Prüfungsfachnote Mathematik (Teil 1 und Teil 2) und aus der Übertrittsnote. Die Übertrittsnote berechnet sich als auf zwei Dezimalstellen gerundeter Durchschnitt aus den folgenden neun Noten des 1. Semesterzeugnisses: Erstsprache, Zweitsprache, Englisch, Arithmetik und Geometrie, NMG, BG, Musik, BS und MI. Für das Bestehen der Aufnahmeprüfung 1G muss ein Prüfungsdurchschnitt von 4.50 erreicht werden. Ausserdem dürfen die Abweichungen der Prüfungsfachnoten von der Note 4 nach unten nicht mehr als 0.75 Notenpunkte betragen.

Für den Eintritt nach dem 10. oder 11. Bildungsjahr berechnet sich die Endnote als auf zwei Dezimalstellen gerundeter Durchschnitt aus der Prüfungsfachnote Sprachen (Erstsprache und Englisch), der Prüfungsfachnote Mathematik (Arithmetik & Algebra und Geometrie) und der Übertrittsnote. Die Übertrittsnote berechnet sich als auf zwei Dezimalstellen gerundeter Durchschnitt aus den folgenden sieben Noten des 1. Semesterzeugnisses der 2. Sekundarklasse: Geografie, Geschichte, NT, BG, Musik, BS, Zweitsprache. Für das Bestehen der Aufnahmeprüfung in die 3. Klasse des Gymnasiums muss bei der Einheitsprüfung ein Prüfungsdurchschnitt von 4.50 erreicht werden. Ausserdem dürfen die Abweichungen der Prüfungsfachnoten von der Note 4 nach unten nicht mehr als 0.75 Notenpunkte betragen.",IDES-Dossier - Übertritt in allgemeinbildende Schulen der Sekundarstufe II: rechtliche Grundlagen,https://edudoc.ch/record/236040?ln=de,IDES-Dossier,
GR,Weitere,Allokation auf Schulformen,,Zugang zum Gymnasium,Noten (Gymnasium),,ja,,ganzer Kanton,,,"Für den Eintritt nach dem 8. Bildungsjahr berechnet sich die Endnote als auf zwei Dezimalstellen gerundeter Durchschnitt aus der Prüfungsfachnote Sprachen, der Prüfungsfachnote Mathematik (Teil 1 und Teil 2) und aus der Übertrittsnote. Die Übertrittsnote berechnet sich als auf zwei Dezimalstellen gerundeter Durchschnitt aus den folgenden neun Noten des 1. Semesterzeugnisses: Erstsprache, Zweitsprache, Englisch, Arithmetik und Geometrie, NMG, BG, Musik, BS und MI. Für das Bestehen der Aufnahmeprüfung 1G muss ein Prüfungsdurchschnitt von 4.50 erreicht werden. Ausserdem dürfen die Abweichungen der Prüfungsfachnoten von der Note 4 nach unten nicht mehr als 0.75 Notenpunkte betragen.

Für den Eintritt nach dem 10. oder 11. Bildungsjahr berechnet sich die Endnote als auf zwei Dezimalstellen gerundeter Durchschnitt aus der Prüfungsfachnote Sprachen (Erstsprache und Englisch), der Prüfungsfachnote Mathematik (Arithmetik & Algebra und Geometrie) und der Übertrittsnote. Die Übertrittsnote berechnet sich als auf zwei Dezimalstellen gerundeter Durchschnitt aus den folgenden sieben Noten des 1. Semesterzeugnisses der 2. Sekundarklasse: Geografie, Geschichte, NT, BG, Musik, BS, Zweitsprache. Für das Bestehen der Aufnahmeprüfung in die 3. Klasse des Gymnasiums muss bei der Einheitsprüfung ein Prüfungsdurchschnitt von 4.50 erreicht werden. Ausserdem dürfen die Abweichungen der Prüfungsfachnoten von der Note 4 nach unten nicht mehr als 0.75 Notenpunkte betragen.",IDES-Dossier - Übertritt in allgemeinbildende Schulen der Sekundarstufe II: rechtliche Grundlagen,https://edudoc.ch/record/236040?ln=de,IDES-Dossier,
LU,Weitere,Allokation auf Schulformen,,Zugang zum Gymnasium,Noten (Gymnasium),,ja,,ganzer Kanton,,,"Für den Eintritt nach dem 8. Bildungsjahr sind das Gesamtbild der Zeugnisnoten, die daraus ersichtliche Leistungsentwicklung und die Einschätzung des Potentials des Kindes von Bedeutung. Richtwert: Note 5.2 in den Fächern Deutsch, Mathematik, sowie Natur, Mensch, Gesellschaft (im 1. und 2. Semester der 5. Klasse und im 1. Semester der 6. Klasse).

Für den Eintritt nach dem 10. oder 11. Bildungsjahr sind das Gesamtbild der Zeugnisnoten, die daraus ersichtliche Leistungsentwicklung und die Einschätzung des Potentials der Schülerin bzw. des Schülers von Bedeutung. Für die übertrittsrelevanten Fächer sind Richtwerte definiert.
Getrennte Sekundarschule:
Niveau A: In allen Niveaufächern (Deutsch, Mathematik, Französisch und Englisch) eine Zeugnisnote von mindestens 4.5 am Ende des 1. Semesters in der 2. respektive in der 3. Sekundarklasse.
Im Fach Natur und Technik (bzw. Naturlehre) mindestens die Note 4.5 im Anforderungsprofil A/B
Kooperative und integrative Sekundarschule:
Mindestens 3 Fächer im Niveau A; dabei keine Note unter 4.5
In einem Niveaufach im Niveau B; Note mindestens 5.0
Im Fach Natur und Technik (bzw. Naturlehre) mindestens die Note 4.5 im Anforderungsprofil A/B",IDES-Dossier - Übertritt in allgemeinbildende Schulen der Sekundarstufe II: rechtliche Grundlagen,https://edudoc.ch/record/236040?ln=de,IDES-Dossier,
LU,Weitere,Allokation auf Schulformen,,Zugang zum Gymnasium,Empfehlung Lehrperson (Gymnasium),,ja,,ganzer Kanton,,,"Für den Eintritt nach dem 8. Bildungsjahr sind das Gesamtbild der Zeugnisnoten, die daraus ersichtliche Leistungsentwicklung und die Einschätzung des Potentials des Kindes von Bedeutung. Richtwert: Note 5.2 in den Fächern Deutsch, Mathematik, sowie Natur, Mensch, Gesellschaft (im 1. und 2. Semester der 5. Klasse und im 1. Semester der 6. Klasse).

Für den Eintritt nach dem 10. oder 11. Bildungsjahr sind das Gesamtbild der Zeugnisnoten, die daraus ersichtliche Leistungsentwicklung und die Einschätzung des Potentials der Schülerin bzw. des Schülers von Bedeutung. Für die übertrittsrelevanten Fächer sind Richtwerte definiert.
Getrennte Sekundarschule:
Niveau A: In allen Niveaufächern (Deutsch, Mathematik, Französisch und Englisch) eine Zeugnisnote von mindestens 4.5 am Ende des 1. Semesters in der 2. respektive in der 3. Sekundarklasse.
Im Fach Natur und Technik (bzw. Naturlehre) mindestens die Note 4.5 im Anforderungsprofil A/B
Kooperative und integrative Sekundarschule:
Mindestens 3 Fächer im Niveau A; dabei keine Note unter 4.5
In einem Niveaufach im Niveau B; Note mindestens 5.0
Im Fach Natur und Technik (bzw. Naturlehre) mindestens die Note 4.5 im Anforderungsprofil A/B",IDES-Dossier - Übertritt in allgemeinbildende Schulen der Sekundarstufe II: rechtliche Grundlagen,https://edudoc.ch/record/236040?ln=de,IDES-Dossier,
NW,Weitere,Allokation auf Schulformen,,Zugang zum Gymnasium,Noten (Gymnasium),,ja,,ganzer Kanton,,,"Für den Eintritt nach dem 8. Bildungsjahr werden eine Empfehlung der Lehrperson sowie gute bis sehr gute Leistungen vorausgesetzt. Mass gebend für die Aufnahme sind das Zeugnis des zweiten Semesters der 5. Klasse und dasjenige des ersten Semesters der 6. Klasse. Entscheidend sind dabei die Noten in den Be rei chen Deutsch, Mathematik und Fremdsprachen (Französisch und Englisch). Der Durch schnitt aus der doppelt gewichteten Mathematiknote und den Noten der anderen beiden Bereiche muss mindestens den Wert 5.2 ergeben.

Der Eintritt nach dem 10. oder 11. Bildungsjahr ist möglich, wenn der Durchschnitt der gemittelten Noten der beiden letzten vor dem Aufnahmeentscheid ausgestellten Semesterzeugnisse (2. Semester der 2. ORS und 1. Semester der 3. ORS) in den Bereichen Deutsch, Mathematik (zählt doppelt) und Fremdsprachen (Französisch und Englisch) mindestens 5.0 beträgt und eine Aufnahmeempfehlung der Klassenlehrperson vorliegt. Ausserdem muss der Unterricht in allen Fächern, die in Niveaus geführt werden, im Niveau A besucht worden sein.",IDES-Dossier - Übertritt in allgemeinbildende Schulen der Sekundarstufe II: rechtliche Grundlagen,https://edudoc.ch/record/236040?ln=de,IDES-Dossier,
NW,Weitere,Allokation auf Schulformen,,Zugang zum Gymnasium,Empfehlung Lehrperson (Gymnasium),,ja,,ganzer Kanton,,,"Für den Eintritt nach dem 8. Bildungsjahr werden eine Empfehlung der Lehrperson sowie gute bis sehr gute Leistungen vorausgesetzt. Mass gebend für die Aufnahme sind das Zeugnis des zweiten Semesters der 5. Klasse und dasjenige des ersten Semesters der 6. Klasse. Entscheidend sind dabei die Noten in den Be rei chen Deutsch, Mathematik und Fremdsprachen (Französisch und Englisch). Der Durch schnitt aus der doppelt gewichteten Mathematiknote und den Noten der anderen beiden Bereiche muss mindestens den Wert 5.2 ergeben.

Der Eintritt nach dem 10. oder 11. Bildungsjahr ist möglich, wenn der Durchschnitt der gemittelten Noten der beiden letzten vor dem Aufnahmeentscheid ausgestellten Semesterzeugnisse (2. Semester der 2. ORS und 1. Semester der 3. ORS) in den Bereichen Deutsch, Mathematik (zählt doppelt) und Fremdsprachen (Französisch und Englisch) mindestens 5.0 beträgt und eine Aufnahmeempfehlung der Klassenlehrperson vorliegt. Ausserdem muss der Unterricht in allen Fächern, die in Niveaus geführt werden, im Niveau A besucht worden sein.",IDES-Dossier - Übertritt in allgemeinbildende Schulen der Sekundarstufe II: rechtliche Grundlagen,https://edudoc.ch/record/236040?ln=de,IDES-Dossier,
OW,Weitere,Allokation auf Schulformen,,Zugang zum Gymnasium,Noten (Gymnasium),,ja,,ganzer Kanton,,,"Für den Eintritt wird sich an folgenden Aspekten orientiert: 1) Durchschnitt aus den Fächern Deutsch, Natur / Mensch /
Gesellschaft, Mathematik sowie Durchschnitt aus den Fremdsprachen Englisch und Französisch im Sinne eines Richtwertes. 2) Leistungen in allen fachlichen Kompetenzen 3) Leistungsentwicklung (steigende oder fallende Tendenz), 4) Entwicklungsstand in den überfachlichen Kompetenzen, 5) Entwicklungsperspektive / Potenzial. Als Richtwert für die Aufnahme ins Gymnasium gilt ein Notendurchschnitt von 5.2. Der Richtwert darf nicht die alleinige Grundlage für die Zuweisung bilden. Die Lehrpersonen sind verpflichtet, auch die überfachlichen Kompetenzen sowie die Leistungen in den übrigen Fächern in die Entscheidungsfindung einzubeziehen.",IDES-Dossier - Übertritt in allgemeinbildende Schulen der Sekundarstufe II: rechtliche Grundlagen,https://edudoc.ch/record/236040?ln=de,IDES-Dossier,
OW,Weitere,Allokation auf Schulformen,,Zugang zum Gymnasium,Empfehlung Lehrperson (Gymnasium),,ja,,ganzer Kanton,,,"Für den Eintritt wird sich an folgenden Aspekten orientiert: 1) Durchschnitt aus den Fächern Deutsch, Natur / Mensch /
Gesellschaft, Mathematik sowie Durchschnitt aus den Fremdsprachen Englisch und Französisch im Sinne eines Richtwertes. 2) Leistungen in allen fachlichen Kompetenzen 3) Leistungsentwicklung (steigende oder fallende Tendenz), 4) Entwicklungsstand in den überfachlichen Kompetenzen, 5) Entwicklungsperspektive / Potenzial. Als Richtwert für die Aufnahme ins Gymnasium gilt ein Notendurchschnitt von 5.2. Der Richtwert darf nicht die alleinige Grundlage für die Zuweisung bilden. Die Lehrpersonen sind verpflichtet, auch die überfachlichen Kompetenzen sowie die Leistungen in den übrigen Fächern in die Entscheidungsfindung einzubeziehen.",IDES-Dossier - Übertritt in allgemeinbildende Schulen der Sekundarstufe II: rechtliche Grundlagen,https://edudoc.ch/record/236040?ln=de,IDES-Dossier,
SZ,Weitere,Allokation auf Schulformen,,Zugang zum Gymnasium,Aufnahmeprüfung (Gymnasium),,ja,,ganzer Kanton,,,"Das Aufnahmeverfahren besteht aus zwei Teilen, die Beurteilung an den Abgeberschulen und die Aufnahmeprüfung an den Gymnasien. Teil 1: Aus sechs Fächern, die unterschiedlich gewichtet werden, wird ein Durchschnitt berechnet. Noten aus Niveau-Fächern B wird je ein Punkt abgezogen. Die so entstandene Durchschnittsnote wird mit dem Faktor 3 multipliziert. Sofern 13.5 Punkte erreicht werden, sind Lernende zur Aufnahmeprüfung zugelassen. Teil 2: Eine Aufnahmeprüfung in den Fächern Deutsch, Mathematik und Fremdsprachen (Englisch und Französisch, davon ein Fach mündlich und das andere schriftlich geprüft) wird durchgeführt. Die drei Noten werden zusammen mit den Notenpunkten aus Teil 1 verrechnet. Wer im ganzen Aufnahmeverfahren mindestens 27 Punkte erreicht, wird definitiv aufgenommen.",IDES-Dossier - Übertritt in allgemeinbildende Schulen der Sekundarstufe II: rechtliche Grundlagen,https://edudoc.ch/record/236040?ln=de,IDES-Dossier,
SZ,Weitere,Allokation auf Schulformen,,Zugang zum Gymnasium,Noten (Gymnasium),,ja,,ganzer Kanton,,,"Das Aufnahmeverfahren besteht aus zwei Teilen, die Beurteilung an den Abgeberschulen und die Aufnahmeprüfung an den Gymnasien. Teil 1: Aus sechs Fächern, die unterschiedlich gewichtet werden, wird ein Durchschnitt berechnet. Noten aus Niveau-Fächern B wird je ein Punkt abgezogen. Die so entstandene Durchschnittsnote wird mit dem Faktor 3 multipliziert. Sofern 13.5 Punkte erreicht werden, sind Lernende zur Aufnahmeprüfung zugelassen. Teil 2: Eine Aufnahmeprüfung in den Fächern Deutsch, Mathematik und Fremdsprachen (Englisch und Französisch, davon ein Fach mündlich und das andere schriftlich geprüft) wird durchgeführt. Die drei Noten werden zusammen mit den Notenpunkten aus Teil 1 verrechnet. Wer im ganzen Aufnahmeverfahren mindestens 27 Punkte erreicht, wird definitiv aufgenommen.",IDES-Dossier - Übertritt in allgemeinbildende Schulen der Sekundarstufe II: rechtliche Grundlagen,https://edudoc.ch/record/236040?ln=de,IDES-Dossier,
UR,Weitere,Allokation auf Schulformen,,Zugang zum Gymnasium,Noten (Gymnasium),,ja,,ganzer Kanton,,,"Für den Eintritt nach dem 8. Bildungsjahr berücksichtigt die Lehrperson beim Zuweisungsentscheid:
a) die Leistungen der Schülerin oder des Schülers in der 5. Klasse und im ersten Semester der 6. Klasse
b) die ganzheitliche Beurteilung der Schülerin oder des Schülers sowie
c) die Gespräche mit der Schülerin oder des Schülers und den Eltern (inklusive Wunsch der Eltern über die Zuweisung)

Für den Eintritt nach dem 9., 10. und 11. Bildungsjahr berücksichtigt die Lehrperson:
a) die Leistungen der Schülerin oder des Schülers. Wer die integrierte oder kooperative Oberstufe besucht hat, muss in den Fächern Deutsch, Mathematik, Französisch das Niveau A besucht haben
b) eine ganzheitliche Beurteilung der Schülerin oder des Schülers
c) das Gespräch mit der Schülerin oder dem Schüler und den Eltern",IDES-Dossier - Übertritt in allgemeinbildende Schulen der Sekundarstufe II: rechtliche Grundlagen,https://edudoc.ch/record/236040?ln=de,IDES-Dossier,
UR,Weitere,Allokation auf Schulformen,,Zugang zum Gymnasium,Empfehlung Lehrperson (Gymnasium),,ja,,ganzer Kanton,,,"Für den Eintritt nach dem 8. Bildungsjahr berücksichtigt die Lehrperson beim Zuweisungsentscheid:
a) die Leistungen der Schülerin oder des Schülers in der 5. Klasse und im ersten Semester der 6. Klasse
b) die ganzheitliche Beurteilung der Schülerin oder des Schülers sowie
c) die Gespräche mit der Schülerin oder des Schülers und den Eltern (inklusive Wunsch der Eltern über die Zuweisung)

Für den Eintritt nach dem 9., 10. und 11. Bildungsjahr berücksichtigt die Lehrperson:
a) die Leistungen der Schülerin oder des Schülers. Wer die integrierte oder kooperative Oberstufe besucht hat, muss in den Fächern Deutsch, Mathematik, Französisch das Niveau A besucht haben
b) eine ganzheitliche Beurteilung der Schülerin oder des Schülers
c) das Gespräch mit der Schülerin oder dem Schüler und den Eltern",IDES-Dossier - Übertritt in allgemeinbildende Schulen der Sekundarstufe II: rechtliche Grundlagen,https://edudoc.ch/record/236040?ln=de,IDES-Dossier,
ZG,Weitere,Allokation auf Schulformen,,Zugang zum Gymnasium,Noten (Gymnasium),,ja,,ganzer Kanton,,,"Für den Eintritt nach dem 8. Bildungsjahr sind folgende Kriterien massgebend:
1) die fachlichen Kompetenzen, in welche die Beurteilung der methodischen Kompetenzen miteinzubeziehen ist, und der Entwicklungsverlauf der Schülerin, des Schülers in der 5. Klasse und im 1. Semester 6. Klasse (Zeugnisnoten des 2. Semesters 5. Klasse und des 1. Semesters 6. Klasse in den Fächern Deutsch, Mathematik sowie «Natur, Mensch, Gesellschaft»);
2) die personalen und sozialen Kompetenzen der Schülerin, des Schülers;
3) die Neigungen und Interessen der Schülerin, des Schülers.
Für den Eintritt ins Langzeitgymnasium gilt zusätzlich ein Orientierungswert von 5.2, welcher sich auf den Durchschnitt der Fächer Deutsch, Mathematik sowie «Natur, Mensch, Gesellschaft» des 2. Semesters der 5. Klasse und des 1. Semesters der 6. Klasse bezieht und die Gesamtbeurteilung ergänzt. Es handelt sich bei diesem Wert nicht um einen fixen Mindestdurchschnitt, sondern um einen Notenwert, an welchem sich die Lehrpersonen orientieren.

Für den Eintritt nach dem 10. bzw. 11. Bildungsjahr sind folgende Kriterien bei einer Gesamtbeurteilung relevant:
1) Besuch des Niveaus A in den Niveaufächern;
2) die fachlichen Kompetenzen (inklusive der methodischen Kompetenzen) im ersten Semester der 2. bzw. 3. Sekundarklasse in den Fächern, welche die Erfahrungsnote bilden (Deutsch, Französisch, Englisch, Mathematik, «Räume, Zeiten, Gesellschaften», «Natur und Technik») - wiederum gilt als Orientierungswert die Note 5.2;
3) der Verlauf der Entwicklung der Schülerin bzw. des Schülers im ersten Semester der 2. bzw. 3. Sekundarklasse;
4) die personalen und sozialen Kompetenzen der Schülerin bzw. des Schülers;
5) die Neigungen und Interessen der Schülerin bzw. des Schülers.",IDES-Dossier - Übertritt in allgemeinbildende Schulen der Sekundarstufe II: rechtliche Grundlagen,https://edudoc.ch/record/236040?ln=de,IDES-Dossier,
ZG,Weitere,Allokation auf Schulformen,,Zugang zum Gymnasium,Empfehlung Lehrperson (Gymnasium),,ja,,ganzer Kanton,,,"Für den Eintritt nach dem 8. Bildungsjahr sind folgende Kriterien massgebend:
1) die fachlichen Kompetenzen, in welche die Beurteilung der methodischen Kompetenzen miteinzubeziehen ist, und der Entwicklungsverlauf der Schülerin, des Schülers in der 5. Klasse und im 1. Semester 6. Klasse (Zeugnisnoten des 2. Semesters 5. Klasse und des 1. Semesters 6. Klasse in den Fächern Deutsch, Mathematik sowie «Natur, Mensch, Gesellschaft»);
2) die personalen und sozialen Kompetenzen der Schülerin, des Schülers;
3) die Neigungen und Interessen der Schülerin, des Schülers.
Für den Eintritt ins Langzeitgymnasium gilt zusätzlich ein Orientierungswert von 5.2, welcher sich auf den Durchschnitt der Fächer Deutsch, Mathematik sowie «Natur, Mensch, Gesellschaft» des 2. Semesters der 5. Klasse und des 1. Semesters der 6. Klasse bezieht und die Gesamtbeurteilung ergänzt. Es handelt sich bei diesem Wert nicht um einen fixen Mindestdurchschnitt, sondern um einen Notenwert, an welchem sich die Lehrpersonen orientieren.

Für den Eintritt nach dem 10. bzw. 11. Bildungsjahr sind folgende Kriterien bei einer Gesamtbeurteilung relevant:
1) Besuch des Niveaus A in den Niveaufächern;
2) die fachlichen Kompetenzen (inklusive der methodischen Kompetenzen) im ersten Semester der 2. bzw. 3. Sekundarklasse in den Fächern, welche die Erfahrungsnote bilden (Deutsch, Französisch, Englisch, Mathematik, «Räume, Zeiten, Gesellschaften», «Natur und Technik») - wiederum gilt als Orientierungswert die Note 5.2;
3) der Verlauf der Entwicklung der Schülerin bzw. des Schülers im ersten Semester der 2. bzw. 3. Sekundarklasse;
4) die personalen und sozialen Kompetenzen der Schülerin bzw. des Schülers;
5) die Neigungen und Interessen der Schülerin bzw. des Schülers.",IDES-Dossier - Übertritt in allgemeinbildende Schulen der Sekundarstufe II: rechtliche Grundlagen,https://edudoc.ch/record/236040?ln=de,IDES-Dossier,
ZH,Weitere,Allokation auf Schulformen,,Zugang zum Gymnasium,Aufnahmeprüfung (Gymnasium),,ja,,ganzer Kanton,,,"Für den Eintritt nach dem 8. Bildungsjahr wird die Zentrale Aufnahmeprüfung (ZAP) absolviert. An der ZAP in ein Langgymnasium wird die Erfahrungsnote von Schülerinnen und Schülern aus dem Zeugnis des ersten Semesters der 6. Klasse einer öffentlichen Primarschule berücksichtigt. Diese Note entspricht dem Mittel aus den Zeugnisnoten Deutsch und Mathematik. Die Aufnahme in die Probezeit eines Langgymnasiums erfolgt, wenn eine Gesamtnote (Prüfungsnote und Erfahrungsnote) von mindestens 4,75 erreicht wird.

Für den Eintritt nach dem 10. oder 11. Bildungsjahr wird ebenfalls die ZAP absolviert. An der ZAP in ein Kurzgymnasium zählt die Vorleistungsnote, wenn die Schülerin oder der Schüler eine öffentliche zürcherische Sekundarstufe A ohne Anforderungsstufen oder eine öffentliche zürcherische Sekundarstufe A mit Anforderungsstufen besucht und dabei alle angebotenen Fachbereiche in der höchsten Anforderungsstufe I absolviert. In die Vorleistungsnote fliessen zu je einem Fünftel die Fächer Deutsch, Englisch, Französisch, Natur und Technik sowie Mathematik (2. Sekundarklasse: zwei Drittel Arithmetik und Algebra, ein Drittel Geometrie. 3. Sekundarklasse: nur Arithmetik und Algebra). Ist in einem dieser Fächer keine Note vorhanden, zählt die Vorleistungsnote nicht. Ohne Vorleistungsnote zählt für die ZAP ausschliesslich die Prüfungsnote. Die Aufnahme in die Probezeit eines Kurzgymnasiums erfolgt, wenn die Gesamtnote aus Prüfungsnote und Vorleistungsnote mindestens eine 4,75 beträgt. Ohne Vorleistungsnote muss mindestens eine 4,5 erreicht werden. Schülerinnen und Schüler der Sekundarstufe B benötigen für die Anmeldung zur ZAP eine schriftliche Empfehlung ihrer Klassenlehrperson.",IDES-Dossier - Übertritt in allgemeinbildende Schulen der Sekundarstufe II: rechtliche Grundlagen,https://edudoc.ch/record/236040?ln=de,IDES-Dossier,
ZH,Weitere,Allokation auf Schulformen,,Zugang zum Gymnasium,Noten (Gymnasium),,ja,,ganzer Kanton,,,"Für den Eintritt nach dem 8. Bildungsjahr wird die Zentrale Aufnahmeprüfung (ZAP) absolviert. An der ZAP in ein Langgymnasium wird die Erfahrungsnote von Schülerinnen und Schülern aus dem Zeugnis des ersten Semesters der 6. Klasse einer öffentlichen Primarschule berücksichtigt. Diese Note entspricht dem Mittel aus den Zeugnisnoten Deutsch und Mathematik. Die Aufnahme in die Probezeit eines Langgymnasiums erfolgt, wenn eine Gesamtnote (Prüfungsnote und Erfahrungsnote) von mindestens 4,75 erreicht wird.

Für den Eintritt nach dem 10. oder 11. Bildungsjahr wird ebenfalls die ZAP absolviert. An der ZAP in ein Kurzgymnasium zählt die Vorleistungsnote, wenn die Schülerin oder der Schüler eine öffentliche zürcherische Sekundarstufe A ohne Anforderungsstufen oder eine öffentliche zürcherische Sekundarstufe A mit Anforderungsstufen besucht und dabei alle angebotenen Fachbereiche in der höchsten Anforderungsstufe I absolviert. In die Vorleistungsnote fliessen zu je einem Fünftel die Fächer Deutsch, Englisch, Französisch, Natur und Technik sowie Mathematik (2. Sekundarklasse: zwei Drittel Arithmetik und Algebra, ein Drittel Geometrie. 3. Sekundarklasse: nur Arithmetik und Algebra). Ist in einem dieser Fächer keine Note vorhanden, zählt die Vorleistungsnote nicht. Ohne Vorleistungsnote zählt für die ZAP ausschliesslich die Prüfungsnote. Die Aufnahme in die Probezeit eines Kurzgymnasiums erfolgt, wenn die Gesamtnote aus Prüfungsnote und Vorleistungsnote mindestens eine 4,75 beträgt. Ohne Vorleistungsnote muss mindestens eine 4,5 erreicht werden. Schülerinnen und Schüler der Sekundarstufe B benötigen für die Anmeldung zur ZAP eine schriftliche Empfehlung ihrer Klassenlehrperson.",IDES-Dossier - Übertritt in allgemeinbildende Schulen der Sekundarstufe II: rechtliche Grundlagen,https://edudoc.ch/record/236040?ln=de,IDES-Dossier,
AG,Weitere,Allokation auf Schulformen,,Zugang zum Gymnasium,Noten (Gymnasium),,ja,,ganzer Kanton,,,"Prüfungsfrei aus der 3. Bezirksschulklasse mit arithmetischem Schnitt von mind. 4.7 im Zwischenbericht bzw. Jahreszeugnis. Deutsch und Mathematik müssen mind. Note 4.0 aufweisen. Gewichtung: DE, MA, NT, RZG doppelt; Fremdsprachen einfach; weitere Fächer einfach. Erfüllung im 1. Semester führt zu provisorischer, am Schuljahresende zu definitiver Aufnahme.",IDES-Dossier - Übertritt in allgemeinbildende Schulen der Sekundarstufe II: rechtliche Grundlagen,https://edudoc.ch/record/236040?ln=de,IDES-Dossier,
BE,Weitere,Allokation auf Schulformen,,Zugang zum Gymnasium,Noten (Gymnasium),,ja,,frz. Teil,,,"Im französischsprachigen Kantonsteil: Prüfungsfrei aus der section p der 11H bei Zuweisung Niveau A in Französisch, Deutsch und Mathematik (mind. zweimal Note 5 oder einmal 5 ohne Note unter 4) bzw. zwei Niveau A (mind. 5) und ein Niveau B (mind. 4).",IDES-Dossier - Übertritt in allgemeinbildende Schulen der Sekundarstufe II: rechtliche Grundlagen,https://edudoc.ch/record/236040?ln=de,IDES-Dossier,
BE,Weitere,Allokation auf Schulformen,,Zugang zum Gymnasium,Empfehlung Lehrperson (Gymnasium),,ja,,dt. Teil,,,"Im deutschsprachigen Kantonsteil: Aufnahme aus dem 8. oder 9. Schuljahr primär über ein prognostisches Empfehlungsverfahren der abgebenden Lehrerschaft (Beurteilung fachlicher sowie methodischer und personaler Kompetenzen in DE, FR, MA, NMG; mind. 6 von 8 Teilbereichen empfohlen). Wer nicht empfohlen wird, kann eine Aufnahmeprüfung absolvieren.",IDES-Dossier - Übertritt in allgemeinbildende Schulen der Sekundarstufe II: rechtliche Grundlagen,https://edudoc.ch/record/236040?ln=de,IDES-Dossier,
BL,Weitere,Allokation auf Schulformen,,Zugang zum Gymnasium,Noten (Gymnasium),,ja,,ganzer Kanton,,,"Prüfungsfrei aus der 3. Sekundarklasse: Aus Leistungszug P Schnitt mind. 4.0 und Punktesumme mind. 34 (DE/MA doppelt; EN/FR/BIO/PHY einfach). Aus Leistungszug E Schnitt mind. 5.0 und Punktesumme mind. 40. Werden Bedingungen in beiden Zeugnissen erfüllt, ist die Aufnahme definitiv, wenn nur in einem Zeugnis, ist sie provisorisch.",IDES-Dossier - Übertritt in allgemeinbildende Schulen der Sekundarstufe II: rechtliche Grundlagen,https://edudoc.ch/record/236040?ln=de,IDES-Dossier,
BS,Weitere,Allokation auf Schulformen,,Zugang zum Gymnasium,Noten (Gymnasium),,ja,,ganzer Kanton,,,"Prüfungsfrei aus der 3. Sekundarklasse: Aus P-Zug Schnitt mind. 4.0 und Summe mind. 34 Punkte (2*D + 2*M + NT + RZG + F + E >= 34). Aus E-Zug Schnitt mind. 5.0 und Summe mind. 40 Punkte. Bei Erfüllung in beiden Zeugnissen definitiv, in einem Zeugnis provisorisch.",IDES-Dossier - Übertritt in allgemeinbildende Schulen der Sekundarstufe II: rechtliche Grundlagen,https://edudoc.ch/record/236040?ln=de,IDES-Dossier,
FR,Weitere,Allokation auf Schulformen,,Zugang zum Gymnasium,Noten (Gymnasium),,ja,,ganzer Kanton,,,"Prüfungsfrei: 1) Aus 11H Progymnasialklasse bei Erfüllung der Promotionsanforderungen. 2) Aus 11H Sekundarklasse bei mind. 20 Punkten aus 4 Kernnoten (DE, MA, Schnitt FR/EN, Schnitt NT/RZG) ohne Teilnote unter 4.5. 3) Vorzeitig aus 10H Progymnasium bei mind. 22 Punkten (keine Note unter 5). Wer Kriterien nicht erfüllt, absolviert die Aufnahmeprüfung.",IDES-Dossier - Übertritt in allgemeinbildende Schulen der Sekundarstufe II: rechtliche Grundlagen,https://edudoc.ch/record/236040?ln=de,IDES-Dossier,
GE,Weitere,Allokation auf Schulformen,,Zugang zum Gymnasium,Noten (Gymnasium),,ja,,ganzer Kanton,,,"Prüfungsfrei aus der 11e des Cycle d'orientation: Reguläre oder tolerierte Promotion in der Sektion LS (littéraire et scientifique). Aus Sektion LC nur bei Jahresschnitt mind. 5.0, Hauptfächerschnitt mind. 4.5 und höchstens einer ungenügenden Note (ausser FR und MA).",IDES-Dossier - Übertritt in allgemeinbildende Schulen der Sekundarstufe II: rechtliche Grundlagen,https://edudoc.ch/record/236040?ln=de,IDES-Dossier,
JU,Weitere,Allokation auf Schulformen,,Zugang zum Gymnasium,Noten (Gymnasium),,ja,,ganzer Kanton,,,Aufnahme ins Lycée cantonal aus 11S: Bei 3 Niveaus A Notensumme mind. 12 Punkte; bei 2 Niveaus A und 1 Niveau B Notensumme mind. 14 Punkte (mind. Note 5 im Niveau B). Zusätzlich genügender Schnitt im Optionsfach und max. eine ungenügende Note im Zeugnis.,IDES-Dossier - Übertritt in allgemeinbildende Schulen der Sekundarstufe II: rechtliche Grundlagen,https://edudoc.ch/record/236040?ln=de,IDES-Dossier,
NE,Weitere,Allokation auf Schulformen,,Zugang zum Gymnasium,Noten (Gymnasium),,ja,,ganzer Kanton,,,"Prüfungsfrei aus 11e ins 3-jährige Lycée: Erfordert Belegung der Option académique, mind. 3 Fächer im anspruchsvolleren Niveau 2 sowie reguläre Promotion. Summe von mind. 34 Punkten (Niveau 1 einfach, Niveau 2 1.5-fach gewichtet, Option einfach) am Ende des 1. und 2. Semesters.",IDES-Dossier - Übertritt in allgemeinbildende Schulen der Sekundarstufe II: rechtliche Grundlagen,https://edudoc.ch/record/236040?ln=de,IDES-Dossier,
SG,Weitere,Allokation auf Schulformen,,Zugang zum Gymnasium,Aufnahmeprüfung (Gymnasium),,ja,,ganzer Kanton,,,"Eintritt nach dem 8. Bildungsjahr (Langzeitgymnasium) oder 10./11. Bildungsjahr (Kurzzeitgymnasium) setzt das Bestehen der zentralen kantonalen Aufnahmeprüfung voraus. Geprüft werden Deutsch, Mathematik und Fremdsprachen. Vorleistungsnoten der Volksschule werden nicht mit der Prüfungsleistung verrechnet.",IDES-Dossier - Übertritt in allgemeinbildende Schulen der Sekundarstufe II: rechtliche Grundlagen,https://edudoc.ch/record/236040?ln=de,IDES-Dossier,
SH,Weitere,Allokation auf Schulformen,,Zugang zum Gymnasium,Aufnahmeprüfung (Gymnasium),,ja,,ganzer Kanton,,,"Eintritt nach dem 10. oder 11. Bildungsjahr an die Kantonsschule erfordert das Bestehen der Aufnahmeprüfung in Deutsch, Mathematik und Fremdsprachen (FR/EN) mit einem Mindestnotenschnitt von 4.0. Erfahrungsnoten der abgebenden Volksschule werden nicht eingerechnet.",IDES-Dossier - Übertritt in allgemeinbildende Schulen der Sekundarstufe II: rechtliche Grundlagen,https://edudoc.ch/record/236040?ln=de,IDES-Dossier,
SO,Weitere,Allokation auf Schulformen,,Zugang zum Gymnasium,Noten (Gymnasium),,ja,,ganzer Kanton,,,"Für den Eintritt nach dem 10. oder 11. Bildungsjahr: Prüfungsfrei aus Sekundarschule P bei Erfüllung der Promotionsordnung. Aus Sekundarschule E mit Mindestnotenschnitt 5.20 in Deutsch, Fremdsprachen und Mathematik (doppelt) im 1. Semesterzeugnis. Andernfalls Aufnahmeprüfung mit Globalurteil der Volksschule.",IDES-Dossier - Übertritt in allgemeinbildende Schulen der Sekundarstufe II: rechtliche Grundlagen,https://edudoc.ch/record/236040?ln=de,IDES-Dossier,
TG,Weitere,Allokation auf Schulformen,,Zugang zum Gymnasium,Aufnahmeprüfung (Gymnasium),,ja,,ganzer Kanton,,,"Eintritt nach dem 10. oder 11. Bildungsjahr: Bestehen der kantonalen Aufnahmeprüfung in Deutsch, Mathematik, Französisch und Englisch (Bestehensnorm mind. Note 4.0). Sekundarschüler müssen in den Niveaufächern dem erweiterten Anforderungsniveau zugewiesen sein.",IDES-Dossier - Übertritt in allgemeinbildende Schulen der Sekundarstufe II: rechtliche Grundlagen,https://edudoc.ch/record/236040?ln=de,IDES-Dossier,
TI,Weitere,Allokation auf Schulformen,,Zugang zum Gymnasium,Noten (Gymnasium),,ja,,ganzer Kanton,,,"Prüfungsfrei mit «Licenza di scuola media» nach 4 Jahren Scuola Media bei Belegung der Fortgeschrittenenkurse (corsi attitudinali) in Mathematik und zweiter Landessprache: Notenschnitt mind. 4.5, keine ungenügende Note in den Fortgeschrittenenkursen und max. eine ungenügende Note insgesamt. Andernfalls Aufnahmeprüfung.",IDES-Dossier - Übertritt in allgemeinbildende Schulen der Sekundarstufe II: rechtliche Grundlagen,https://edudoc.ch/record/236040?ln=de,IDES-Dossier,
VD,Weitere,Allokation auf Schulformen,,Zugang zum Gymnasium,Noten (Gymnasium),,ja,,ganzer Kanton,,,Prüfungsfrei aus 11H der Voie prégymnasiale (VP) bei regulärer Promotion. Aus der Voie générale (VG) nur bei Belegung des Niveaus 2 in den Niveaufächern mit Mindestschnitt von 5.0 in den Kernfächern oder über eine kantonale Passerellenprüfung.,IDES-Dossier - Übertritt in allgemeinbildende Schulen der Sekundarstufe II: rechtliche Grundlagen,https://edudoc.ch/record/236040?ln=de,IDES-Dossier,
VS,Weitere,Allokation auf Schulformen,,Zugang zum Gymnasium,Noten (Gymnasium),,ja,,ganzer Kanton,,,"Prüfungsfrei nach 3. Orientierungsschulklasse (11OS): Im dt. Teil bei Zuweisung Niveau 1 (DE, FR, MA) und Promotionsschnitt mind. 4.5. Im frz. Teil bei Promotion in der Section générale/prégymnasiale mit geforderten Mindestnoten. Nichterfüllung bedingt das Ablegen einer Aufnahmeprüfung.",IDES-Dossier - Übertritt in allgemeinbildende Schulen der Sekundarstufe II: rechtliche Grundlagen,https://edudoc.ch/record/236040?ln=de,IDES-Dossier,
AG,Weitere,Allokation auf verschiedene Anforderungsniveaus,,Klassengrösse,Minimale Klassengrösse,Minimale Klassengrösse,nein,,ganzer Kanton,,,Keine minimale Klassengrösse vorhanden,IDES-Kantonsumfrage,https://edudoc.ch/record/212250/files/042.pdf,IDES-Kantonsumfrage,Frage 75
AI,Weitere,Allokation auf verschiedene Anforderungsniveaus,,Klassengrösse,Minimale Klassengrösse,Minimale Klassengrösse,ja,,ganzer Kanton,12.0,Schüler/innen,12,IDES-Kantonsumfrage,https://edudoc.ch/record/212250/files/042.pdf,IDES-Kantonsumfrage,Frage 75
AR,Weitere,Allokation auf verschiedene Anforderungsniveaus,,Klassengrösse,Minimale Klassengrösse,Minimale Klassengrösse,ja,,ganzer Kanton,16.0,Schüler/innen,16,IDES-Kantonsumfrage,https://edudoc.ch/record/212250/files/042.pdf,IDES-Kantonsumfrage,Frage 75
BE,Weitere,Allokation auf verschiedene Anforderungsniveaus,,Klassengrösse,Minimale Klassengrösse,Minimale Klassengrösse,ja,,ganzer Kanton,15.0,Schüler/innen,15,IDES-Kantonsumfrage,https://edudoc.ch/record/212250/files/042.pdf,IDES-Kantonsumfrage,Frage 75
BL,Weitere,Allokation auf verschiedene Anforderungsniveaus,,Klassengrösse,Minimale Klassengrösse,Minimale Klassengrösse,nein,,ganzer Kanton,,,"Keine minimale Zahl; Im Kindergarten, in der Primar- und der Sekundarschule kann eine bestehende Klasse nur aufgelöst werden, wenn sie in
der Regelklasse weniger als 15 und in der Kleinklasse weniger als 6 Schülerinnen und Schüler aufweist",IDES-Kantonsumfrage,https://edudoc.ch/record/212250/files/042.pdf,IDES-Kantonsumfrage,Frage 75
BS,Weitere,Allokation auf verschiedene Anforderungsniveaus,,Klassengrösse,Minimale Klassengrösse,Minimale Klassengrösse,nein,,ganzer Kanton,,,Keine minimale Klassengrösse vorhanden,IDES-Kantonsumfrage,https://edudoc.ch/record/212250/files/042.pdf,IDES-Kantonsumfrage,Frage 75
FR,Weitere,Allokation auf verschiedene Anforderungsniveaus,,Klassengrösse,Minimale Klassengrösse,Minimale Klassengrösse,ja,,ganzer Kanton,11.0,Schüler/innen,Realklasse: 11 Sekundarklasse: 14 Progymnasiale Klasse: 15,IDES-Kantonsumfrage,https://edudoc.ch/record/212250/files/042.pdf,IDES-Kantonsumfrage,Frage 75
FR,Weitere,Allokation auf verschiedene Anforderungsniveaus,,Klassengrösse,Minimale Klassengrösse,Minimale Klassengrösse,ja,,Realklasse,11.0,Schüler/innen,Realklasse: 11 Sekundarklasse: 14 Progymnasiale Klasse: 15,IDES-Kantonsumfrage,https://edudoc.ch/record/212250/files/042.pdf,IDES-Kantonsumfrage,Frage 75
FR,Weitere,Allokation auf verschiedene Anforderungsniveaus,,Klassengrösse,Minimale Klassengrösse,Minimale Klassengrösse,ja,,Sekundarklasse,14.0,Schüler/innen,Realklasse: 11 Sekundarklasse: 14 Progymnasiale Klasse: 15,IDES-Kantonsumfrage,https://edudoc.ch/record/212250/files/042.pdf,IDES-Kantonsumfrage,Frage 75
FR,Weitere,Allokation auf verschiedene Anforderungsniveaus,,Klassengrösse,Minimale Klassengrösse,Minimale Klassengrösse,ja,,Progymnasiale Klasse,15.0,Schüler/innen,Realklasse: 11 Sekundarklasse: 14 Progymnasiale Klasse: 15,IDES-Kantonsumfrage,https://edudoc.ch/record/212250/files/042.pdf,IDES-Kantonsumfrage,Frage 75
GE,Weitere,Allokation auf verschiedene Anforderungsniveaus,,Klassengrösse,Minimale Klassengrösse,Minimale Klassengrösse,nein,,ganzer Kanton,,,Keine minimale Klassengrösse vorhanden,IDES-Kantonsumfrage,https://edudoc.ch/record/212250/files/042.pdf,IDES-Kantonsumfrage,Frage 75
GL,Weitere,Allokation auf verschiedene Anforderungsniveaus,,Klassengrösse,Minimale Klassengrösse,Minimale Klassengrösse,ja,,ganzer Kanton,12.0,Schüler/innen,12 Oberschule; 16 Realschule; 16 Sekundarschule,IDES-Kantonsumfrage,https://edudoc.ch/record/212250/files/042.pdf,IDES-Kantonsumfrage,Frage 75
GL,Weitere,Allokation auf verschiedene Anforderungsniveaus,,Klassengrösse,Minimale Klassengrösse,Minimale Klassengrösse,ja,,Oberschule,12.0,Schüler/innen,12 Oberschule; 16 Realschule; 16 Sekundarschule,IDES-Kantonsumfrage,https://edudoc.ch/record/212250/files/042.pdf,IDES-Kantonsumfrage,Frage 75
GL,Weitere,Allokation auf verschiedene Anforderungsniveaus,,Klassengrösse,Minimale Klassengrösse,Minimale Klassengrösse,ja,,Realschule,16.0,Schüler/innen,12 Oberschule; 16 Realschule; 16 Sekundarschule,IDES-Kantonsumfrage,https://edudoc.ch/record/212250/files/042.pdf,IDES-Kantonsumfrage,Frage 75
GL,Weitere,Allokation auf verschiedene Anforderungsniveaus,,Klassengrösse,Minimale Klassengrösse,Minimale Klassengrösse,ja,,Sekundarschule,16.0,Schüler/innen,12 Oberschule; 16 Realschule; 16 Sekundarschule,IDES-Kantonsumfrage,https://edudoc.ch/record/212250/files/042.pdf,IDES-Kantonsumfrage,Frage 75
GR,Weitere,Allokation auf verschiedene Anforderungsniveaus,,Klassengrösse,Minimale Klassengrösse,Minimale Klassengrösse,ja,,ganzer Kanton,7.0,Schüler/innen,Realschule: 7 Schüler/innen; Sekundarschule 10 Schüler/innen,IDES-Kantonsumfrage,https://edudoc.ch/record/212250/files/042.pdf,IDES-Kantonsumfrage,Frage 75
GR,Weitere,Allokation auf verschiedene Anforderungsniveaus,,Klassengrösse,Minimale Klassengrösse,Minimale Klassengrösse,ja,,Realschule,7.0,Schüler/innen,Realschule: 7 Schüler/innen; Sekundarschule 10 Schüler/innen,IDES-Kantonsumfrage,https://edudoc.ch/record/212250/files/042.pdf,IDES-Kantonsumfrage,Frage 75
GR,Weitere,Allokation auf verschiedene Anforderungsniveaus,,Klassengrösse,Minimale Klassengrösse,Minimale Klassengrösse,ja,,Sekundarschule,10.0,Schüler/innen,Realschule: 7 Schüler/innen; Sekundarschule 10 Schüler/innen,IDES-Kantonsumfrage,https://edudoc.ch/record/212250/files/042.pdf,IDES-Kantonsumfrage,Frage 75
JU,Weitere,Allokation auf verschiedene Anforderungsniveaus,,Klassengrösse,Minimale Klassengrösse,Minimale Klassengrösse,ja,,ganzer Kanton,9.0,Schüler/innen,"Pour les cours à niveau, en français, mathématiques et allemand, les normes suivantes sont préconisées : - niveau A : 15 à 23 élèves - niveau B : 13 à 21 élèves - niveau C : 9 à 14 élèves",IDES-Kantonsumfrage,https://edudoc.ch/record/212250/files/042.pdf,IDES-Kantonsumfrage,Frage 75
LU,Weitere,Allokation auf verschiedene Anforderungsniveaus,,Klassengrösse,Minimale Klassengrösse,Minimale Klassengrösse,ja,,ganzer Kanton,12.0,Schüler/innen,"15 für Niveau A und B (höhere bzw. erweiterte Anforderungen), 12 für Niveau C (grundlegende Anforderungen, 15 für Stammklassen im integrierten Modell
14 für das Langzeitgymnasium",IDES-Kantonsumfrage,https://edudoc.ch/record/212250/files/042.pdf,IDES-Kantonsumfrage,Frage 75
LU,Weitere,Allokation auf verschiedene Anforderungsniveaus,,Klassengrösse,Minimale Klassengrösse,Minimale Klassengrösse,ja,,Niveau A und B,15.0,Schüler/innen,"15 für Niveau A und B (höhere bzw. erweiterte Anforderungen), 12 für Niveau C (grundlegende Anforderungen, 15 für Stammklassen im integrierten Modell
14 für das Langzeitgymnasium",IDES-Kantonsumfrage,https://edudoc.ch/record/212250/files/042.pdf,IDES-Kantonsumfrage,Frage 75
LU,Weitere,Allokation auf verschiedene Anforderungsniveaus,,Klassengrösse,Minimale Klassengrösse,Minimale Klassengrösse,ja,,Niveau C,12.0,Schüler/innen,"15 für Niveau A und B (höhere bzw. erweiterte Anforderungen), 12 für Niveau C (grundlegende Anforderungen, 15 für Stammklassen im integrierten Modell
14 für das Langzeitgymnasium",IDES-Kantonsumfrage,https://edudoc.ch/record/212250/files/042.pdf,IDES-Kantonsumfrage,Frage 75
LU,Weitere,Allokation auf verschiedene Anforderungsniveaus,,Klassengrösse,Minimale Klassengrösse,Minimale Klassengrösse,ja,,Stammklassen integriertes Modell,15.0,Schüler/innen,"15 für Niveau A und B (höhere bzw. erweiterte Anforderungen), 12 für Niveau C (grundlegende Anforderungen, 15 für Stammklassen im integrierten Modell
14 für das Langzeitgymnasium",IDES-Kantonsumfrage,https://edudoc.ch/record/212250/files/042.pdf,IDES-Kantonsumfrage,Frage 75
LU,Weitere,Allokation auf verschiedene Anforderungsniveaus,,Klassengrösse,Minimale Klassengrösse,Minimale Klassengrösse,ja,,Langzeitgymnasium,14.0,Schüler/innen,"15 für Niveau A und B (höhere bzw. erweiterte Anforderungen), 12 für Niveau C (grundlegende Anforderungen, 15 für Stammklassen im integrierten Modell
14 für das Langzeitgymnasium",IDES-Kantonsumfrage,https://edudoc.ch/record/212250/files/042.pdf,IDES-Kantonsumfrage,Frage 75
NE,Weitere,Allokation auf verschiedene Anforderungsniveaus,,Klassengrösse,Minimale Klassengrösse,Minimale Klassengrösse,ja,,ganzer Kanton,14.0,Schüler/innen,14,IDES-Kantonsumfrage,https://edudoc.ch/record/212250/files/042.pdf,IDES-Kantonsumfrage,Frage 75
NW,Weitere,Allokation auf verschiedene Anforderungsniveaus,,Klassengrösse,Minimale Klassengrösse,Minimale Klassengrösse,ja,,ganzer Kanton,8.0,Schüler/innen,Werkschule: 8 Orientierungsschule: 16 (einklassige Abteilungen); 12 (mehrklassige Abteilungen),IDES-Kantonsumfrage,https://edudoc.ch/record/212250/files/042.pdf,IDES-Kantonsumfrage,Frage 75
OW,Weitere,Allokation auf verschiedene Anforderungsniveaus,,Klassengrösse,Minimale Klassengrösse,Minimale Klassengrösse,nein,,ganzer Kanton,,,Keine minimale Klassengrösse vorhanden,IDES-Kantonsumfrage,https://edudoc.ch/record/212250/files/042.pdf,IDES-Kantonsumfrage,Frage 75
SG,Weitere,Allokation auf verschiedene Anforderungsniveaus,,Klassengrösse,Minimale Klassengrösse,Minimale Klassengrösse,ja,,ganzer Kanton,16.0,Schüler/innen,Sekundarschule 20 Realschule 16,IDES-Kantonsumfrage,https://edudoc.ch/record/212250/files/042.pdf,IDES-Kantonsumfrage,Frage 75
SG,Weitere,Allokation auf verschiedene Anforderungsniveaus,,Klassengrösse,Minimale Klassengrösse,Minimale Klassengrösse,ja,,Sekundarschule,20.0,Schüler/innen,Sekundarschule 20 Realschule 16,IDES-Kantonsumfrage,https://edudoc.ch/record/212250/files/042.pdf,IDES-Kantonsumfrage,Frage 75
SG,Weitere,Allokation auf verschiedene Anforderungsniveaus,,Klassengrösse,Minimale Klassengrösse,Minimale Klassengrösse,ja,,Realschule,16.0,Schüler/innen,Sekundarschule 20 Realschule 16,IDES-Kantonsumfrage,https://edudoc.ch/record/212250/files/042.pdf,IDES-Kantonsumfrage,Frage 75
SH,Weitere,Allokation auf verschiedene Anforderungsniveaus,,Klassengrösse,Minimale Klassengrösse,Minimale Klassengrösse,nein,,ganzer Kanton,,,"Keine minimale Klassengrösse vorhanden; Der Regierungsrat kann in folgenden Fällen Klassen/Schulen aufheben, wenn sie auf Dauer folgende Grössen nicht erreichen: Einzelklassen 12, kombinierte Klassen 10, ganze Schulen 8.",IDES-Kantonsumfrage,https://edudoc.ch/record/212250/files/042.pdf,IDES-Kantonsumfrage,Frage 75
SO,Weitere,Allokation auf verschiedene Anforderungsniveaus,,Klassengrösse,Minimale Klassengrösse,Minimale Klassengrösse,ja,,ganzer Kanton,12.0,Schüler/innen,Sek B 12; Sek E und P 16,IDES-Kantonsumfrage,https://edudoc.ch/record/212250/files/042.pdf,IDES-Kantonsumfrage,Frage 75
SO,Weitere,Allokation auf verschiedene Anforderungsniveaus,,Klassengrösse,Minimale Klassengrösse,Minimale Klassengrösse,ja,,Sek B,12.0,Schüler/innen,Sek B 12; Sek E und P 16,IDES-Kantonsumfrage,https://edudoc.ch/record/212250/files/042.pdf,IDES-Kantonsumfrage,Frage 75
SO,Weitere,Allokation auf verschiedene Anforderungsniveaus,,Klassengrösse,Minimale Klassengrösse,Minimale Klassengrösse,ja,,Sek E und P,16.0,Schüler/innen,Sek B 12; Sek E und P 16,IDES-Kantonsumfrage,https://edudoc.ch/record/212250/files/042.pdf,IDES-Kantonsumfrage,Frage 75
SZ,Weitere,Allokation auf verschiedene Anforderungsniveaus,,Klassengrösse,Minimale Klassengrösse,Minimale Klassengrösse,ja,,ganzer Kanton,8.0,Schüler/innen,Sekundarschule/Stammklasse A: 14; Realschule/Stammklasse B: 12; Besondere Klasse (Werkschule): 8,IDES-Kantonsumfrage,https://edudoc.ch/record/212250/files/042.pdf,IDES-Kantonsumfrage,Frage 75
SZ,Weitere,Allokation auf verschiedene Anforderungsniveaus,,Klassengrösse,Minimale Klassengrösse,Minimale Klassengrösse,ja,,Sekundarschule / Stammklasse A,14.0,Schüler/innen,Sekundarschule/Stammklasse A: 14; Realschule/Stammklasse B: 12; Besondere Klasse (Werkschule): 8,IDES-Kantonsumfrage,https://edudoc.ch/record/212250/files/042.pdf,IDES-Kantonsumfrage,Frage 75
SZ,Weitere,Allokation auf verschiedene Anforderungsniveaus,,Klassengrösse,Minimale Klassengrösse,Minimale Klassengrösse,ja,,Realschule / Stammklasse B,12.0,Schüler/innen,Sekundarschule/Stammklasse A: 14; Realschule/Stammklasse B: 12; Besondere Klasse (Werkschule): 8,IDES-Kantonsumfrage,https://edudoc.ch/record/212250/files/042.pdf,IDES-Kantonsumfrage,Frage 75
SZ,Weitere,Allokation auf verschiedene Anforderungsniveaus,,Klassengrösse,Minimale Klassengrösse,Minimale Klassengrösse,ja,,Besondere Klasse (Werkschule),8.0,Schüler/innen,Sekundarschule/Stammklasse A: 14; Realschule/Stammklasse B: 12; Besondere Klasse (Werkschule): 8,IDES-Kantonsumfrage,https://edudoc.ch/record/212250/files/042.pdf,IDES-Kantonsumfrage,Frage 75
TG,Weitere,Allokation auf verschiedene Anforderungsniveaus,,Klassengrösse,Minimale Klassengrösse,Minimale Klassengrösse,ja,,ganzer Kanton,14.0,Schüler/innen,14,IDES-Kantonsumfrage,https://edudoc.ch/record/212250/files/042.pdf,IDES-Kantonsumfrage,Frage 75
TI,Weitere,Allokation auf verschiedene Anforderungsniveaus,,Klassengrösse,Minimale Klassengrösse,Minimale Klassengrösse,ja,,ganzer Kanton,13.0,Schüler/innen,13,IDES-Kantonsumfrage,https://edudoc.ch/record/212250/files/042.pdf,IDES-Kantonsumfrage,Frage 75
UR,Weitere,Allokation auf verschiedene Anforderungsniveaus,,Klassengrösse,Minimale Klassengrösse,Minimale Klassengrösse,nein,,ganzer Kanton,,,Keine minimale Klassengrösse vorhanden,IDES-Kantonsumfrage,https://edudoc.ch/record/212250/files/042.pdf,IDES-Kantonsumfrage,Frage 75
VD,Weitere,Allokation auf verschiedene Anforderungsniveaus,,Klassengrösse,Minimale Klassengrösse,Minimale Klassengrösse,ja,,ganzer Kanton,13.0,Schüler/innen,"La fourchette de 18-20 mentionnée par le règlement (art.61 RLEO) est indicative, il n'y a pas de minimum légal strict. Les effectifs minimum découlent de l’organisation des classes de l’établissement scolaire et des impacts financiers de l’ouverture d’une classe. Néanmoins, en-deçà de 13 élèves, on considère la classe comme relevant de la pédagogie compensatoire.",IDES-Kantonsumfrage,https://edudoc.ch/record/212250/files/042.pdf,IDES-Kantonsumfrage,Frage 75
VS,Weitere,Allokation auf verschiedene Anforderungsniveaus,,Klassengrösse,Minimale Klassengrösse,Minimale Klassengrösse,ja,,ganzer Kanton,10.0,Schüler/innen,10 (gilt für die Niveaugruppen),IDES-Kantonsumfrage,https://edudoc.ch/record/212250/files/042.pdf,IDES-Kantonsumfrage,Frage 75
ZG,Weitere,Allokation auf verschiedene Anforderungsniveaus,,Klassengrösse,Minimale Klassengrösse,Minimale Klassengrösse,nein,,ganzer Kanton,,,Keine minimale Klassengrösse vorhanden,IDES-Kantonsumfrage,https://edudoc.ch/record/212250/files/042.pdf,IDES-Kantonsumfrage,Frage 75
ZH,Weitere,Allokation auf verschiedene Anforderungsniveaus,,Klassengrösse,Minimale Klassengrösse,Minimale Klassengrösse,nein,,ganzer Kanton,,,Keine minimale Klassengrösse vorhanden,IDES-Kantonsumfrage,https://edudoc.ch/record/212250/files/042.pdf,IDES-Kantonsumfrage,Frage 75
AG,Weitere,Allokation auf verschiedene Anforderungsniveaus,,Klassengrösse,Maximale Klassengrösse,Maximale Klassengrösse,ja,,ganzer Kanton,25.0,Schüler/innen,Auf die Dauer darf die Klassengrösse an der Bezirks- und Sekundarschule je 25 sowie an der Realschule 22 Schülerinnen und Schüler nicht übersteigen.,IDES-Kantonsumfrage,https://edudoc.ch/record/212251/files/043.pdf,IDES-Kantonsumfrage,Frage 76
AI,Weitere,Allokation auf verschiedene Anforderungsniveaus,,Klassengrösse,Maximale Klassengrösse,Maximale Klassengrösse,ja,,ganzer Kanton,25.0,Schüler/innen,25,IDES-Kantonsumfrage,https://edudoc.ch/record/212251/files/043.pdf,IDES-Kantonsumfrage,Frage 76
AR,Weitere,Allokation auf verschiedene Anforderungsniveaus,,Klassengrösse,Maximale Klassengrösse,Maximale Klassengrösse,ja,,ganzer Kanton,24.0,Schüler/innen,24,IDES-Kantonsumfrage,https://edudoc.ch/record/212251/files/043.pdf,IDES-Kantonsumfrage,Frage 76
BE,Weitere,Allokation auf verschiedene Anforderungsniveaus,,Klassengrösse,Maximale Klassengrösse,Maximale Klassengrösse,ja,,ganzer Kanton,27.0,Schüler/innen,27,IDES-Kantonsumfrage,https://edudoc.ch/record/212251/files/043.pdf,IDES-Kantonsumfrage,Frage 76
BL,Weitere,Allokation auf verschiedene Anforderungsniveaus,,Klassengrösse,Maximale Klassengrösse,Maximale Klassengrösse,ja,,ganzer Kanton,24.0,Schüler/innen,"Anforderungsniveau A: Höchstzahl 20; Anforderungsniveau E und P Richtzahl 22, Höchstzahl 24",IDES-Kantonsumfrage,https://edudoc.ch/record/212251/files/043.pdf,IDES-Kantonsumfrage,Frage 76
BL,Weitere,Allokation auf verschiedene Anforderungsniveaus,,Klassengrösse,Maximale Klassengrösse,Maximale Klassengrösse,ja,,Anforderungsniveau A,20.0,Schüler/innen,"Anforderungsniveau A: Höchstzahl 20; Anforderungsniveau E und P Richtzahl 22, Höchstzahl 24",IDES-Kantonsumfrage,https://edudoc.ch/record/212251/files/043.pdf,IDES-Kantonsumfrage,Frage 76
BL,Weitere,Allokation auf verschiedene Anforderungsniveaus,,Klassengrösse,Maximale Klassengrösse,Maximale Klassengrösse,ja,,Anforderungsniveau E und P,24.0,Schüler/innen,"Anforderungsniveau A: Höchstzahl 20; Anforderungsniveau E und P Richtzahl 22, Höchstzahl 24",IDES-Kantonsumfrage,https://edudoc.ch/record/212251/files/043.pdf,IDES-Kantonsumfrage,Frage 76
BS,Weitere,Allokation auf verschiedene Anforderungsniveaus,,Klassengrösse,Maximale Klassengrösse,Maximale Klassengrösse,ja,,ganzer Kanton,25.0,Schüler/innen,Sek A-Zug: 16; Sek E-Zug: 23; Sek P-Zug: 25,IDES-Kantonsumfrage,https://edudoc.ch/record/212251/files/043.pdf,IDES-Kantonsumfrage,Frage 76
BS,Weitere,Allokation auf verschiedene Anforderungsniveaus,,Klassengrösse,Maximale Klassengrösse,Maximale Klassengrösse,ja,,Sek A-Zug,16.0,Schüler/innen,Sek A-Zug: 16; Sek E-Zug: 23; Sek P-Zug: 25,IDES-Kantonsumfrage,https://edudoc.ch/record/212251/files/043.pdf,IDES-Kantonsumfrage,Frage 76
BS,Weitere,Allokation auf verschiedene Anforderungsniveaus,,Klassengrösse,Maximale Klassengrösse,Maximale Klassengrösse,ja,,Sek E-Zug,23.0,Schüler/innen,Sek A-Zug: 16; Sek E-Zug: 23; Sek P-Zug: 25,IDES-Kantonsumfrage,https://edudoc.ch/record/212251/files/043.pdf,IDES-Kantonsumfrage,Frage 76
BS,Weitere,Allokation auf verschiedene Anforderungsniveaus,,Klassengrösse,Maximale Klassengrösse,Maximale Klassengrösse,ja,,Sek P-Zug,25.0,Schüler/innen,Sek A-Zug: 16; Sek E-Zug: 23; Sek P-Zug: 25,IDES-Kantonsumfrage,https://edudoc.ch/record/212251/files/043.pdf,IDES-Kantonsumfrage,Frage 76
FR,Weitere,Allokation auf verschiedene Anforderungsniveaus,,Klassengrösse,Maximale Klassengrösse,Maximale Klassengrösse,ja,,ganzer Kanton,29.0,Schüler/innen,Realklasse: 21 Sekundarklasse: 27 Progymnasiale Klasse: 29,IDES-Kantonsumfrage,https://edudoc.ch/record/212251/files/043.pdf,IDES-Kantonsumfrage,Frage 76
FR,Weitere,Allokation auf verschiedene Anforderungsniveaus,,Klassengrösse,Maximale Klassengrösse,Maximale Klassengrösse,ja,,Realklasse,21.0,Schüler/innen,Realklasse: 21 Sekundarklasse: 27 Progymnasiale Klasse: 29,IDES-Kantonsumfrage,https://edudoc.ch/record/212251/files/043.pdf,IDES-Kantonsumfrage,Frage 76
FR,Weitere,Allokation auf verschiedene Anforderungsniveaus,,Klassengrösse,Maximale Klassengrösse,Maximale Klassengrösse,ja,,Sekundarklasse,27.0,Schüler/innen,Realklasse: 21 Sekundarklasse: 27 Progymnasiale Klasse: 29,IDES-Kantonsumfrage,https://edudoc.ch/record/212251/files/043.pdf,IDES-Kantonsumfrage,Frage 76
FR,Weitere,Allokation auf verschiedene Anforderungsniveaus,,Klassengrösse,Maximale Klassengrösse,Maximale Klassengrösse,ja,,Progymnasiale Klasse,29.0,Schüler/innen,Realklasse: 21 Sekundarklasse: 27 Progymnasiale Klasse: 29,IDES-Kantonsumfrage,https://edudoc.ch/record/212251/files/043.pdf,IDES-Kantonsumfrage,Frage 76
GE,Weitere,Allokation auf verschiedene Anforderungsniveaus,,Klassengrösse,Maximale Klassengrösse,Maximale Klassengrösse,ja,,ganzer Kanton,24.0,Schüler/innen,"En cours d'année, les effectifs moyens des classes d'un établissement ne doivent, en principe, pas dépasser les maxima suivants :
a) classes-atelier et classes d’accueil : 12 élèves ;
b) regroupement 1 et section CT : 14 élèves ;
c) regroupement 2 et section LC : 18 élèves ;
d) regroupement 3 et section LS : 24 élèves ;
e) classes sport et art : 20 élèves.",IDES-Kantonsumfrage,https://edudoc.ch/record/212251/files/043.pdf,IDES-Kantonsumfrage,Frage 76
GL,Weitere,Allokation auf verschiedene Anforderungsniveaus,,Klassengrösse,Maximale Klassengrösse,Maximale Klassengrösse,ja,,ganzer Kanton,24.0,Schüler/innen,16 Oberschule; 22 Realschule; 24 Sekundarschule,IDES-Kantonsumfrage,https://edudoc.ch/record/212251/files/043.pdf,IDES-Kantonsumfrage,Frage 76
GL,Weitere,Allokation auf verschiedene Anforderungsniveaus,,Klassengrösse,Maximale Klassengrösse,Maximale Klassengrösse,ja,,Oberschule,16.0,Schüler/innen,16 Oberschule; 22 Realschule; 24 Sekundarschule,IDES-Kantonsumfrage,https://edudoc.ch/record/212251/files/043.pdf,IDES-Kantonsumfrage,Frage 76
GL,Weitere,Allokation auf verschiedene Anforderungsniveaus,,Klassengrösse,Maximale Klassengrösse,Maximale Klassengrösse,ja,,Realschule,22.0,Schüler/innen,16 Oberschule; 22 Realschule; 24 Sekundarschule,IDES-Kantonsumfrage,https://edudoc.ch/record/212251/files/043.pdf,IDES-Kantonsumfrage,Frage 76
GL,Weitere,Allokation auf verschiedene Anforderungsniveaus,,Klassengrösse,Maximale Klassengrösse,Maximale Klassengrösse,ja,,Sekundarschule,24.0,Schüler/innen,16 Oberschule; 22 Realschule; 24 Sekundarschule,IDES-Kantonsumfrage,https://edudoc.ch/record/212251/files/043.pdf,IDES-Kantonsumfrage,Frage 76
GR,Weitere,Allokation auf verschiedene Anforderungsniveaus,,Klassengrösse,Maximale Klassengrösse,Maximale Klassengrösse,ja,,ganzer Kanton,22.0,Schüler/innen,Realschule: 20 Schüler/innen (bei einer einklassigen Abteilung); Sekundarschule: 22 Schüler/innen (bei einer einklassigen Abteilung),IDES-Kantonsumfrage,https://edudoc.ch/record/212251/files/043.pdf,IDES-Kantonsumfrage,Frage 76
GR,Weitere,Allokation auf verschiedene Anforderungsniveaus,,Klassengrösse,Maximale Klassengrösse,Maximale Klassengrösse,ja,,Realschule,20.0,Schüler/innen,Realschule: 20 Schüler/innen (bei einer einklassigen Abteilung); Sekundarschule: 22 Schüler/innen (bei einer einklassigen Abteilung),IDES-Kantonsumfrage,https://edudoc.ch/record/212251/files/043.pdf,IDES-Kantonsumfrage,Frage 76
GR,Weitere,Allokation auf verschiedene Anforderungsniveaus,,Klassengrösse,Maximale Klassengrösse,Maximale Klassengrösse,ja,,Sekundarschule,22.0,Schüler/innen,Realschule: 20 Schüler/innen (bei einer einklassigen Abteilung); Sekundarschule: 22 Schüler/innen (bei einer einklassigen Abteilung),IDES-Kantonsumfrage,https://edudoc.ch/record/212251/files/043.pdf,IDES-Kantonsumfrage,Frage 76
JU,Weitere,Allokation auf verschiedene Anforderungsniveaus,,Klassengrösse,Maximale Klassengrösse,Maximale Klassengrösse,ja,,ganzer Kanton,23.0,Schüler/innen,"Pour les cours à niveau, en français, mathématiques et allemand, les normes suivantes sont préconisées : niveau A : 15 à 23 élèves ; niveau B : 13 à 21 élèves ; niveau C : 9 à 14 élèves",IDES-Kantonsumfrage,https://edudoc.ch/record/212251/files/043.pdf,IDES-Kantonsumfrage,Frage 76
LU,Weitere,Allokation auf verschiedene Anforderungsniveaus,,Klassengrösse,Maximale Klassengrösse,Maximale Klassengrösse,ja,,ganzer Kanton,24.0,Schüler/innen,"24 für Niveau A und B (höhere bzw. erweiterte Anforderungen), 20 für Niveau C (grundlegende Anforderungen), 22 für Stammklassen im integrierten Modell
24 für das Langzeitgymnasium",IDES-Kantonsumfrage,https://edudoc.ch/record/212251/files/043.pdf,IDES-Kantonsumfrage,Frage 76
LU,Weitere,Allokation auf verschiedene Anforderungsniveaus,,Klassengrösse,Maximale Klassengrösse,Maximale Klassengrösse,ja,,Niveau A und B,24.0,Schüler/innen,"24 für Niveau A und B (höhere bzw. erweiterte Anforderungen), 20 für Niveau C (grundlegende Anforderungen), 22 für Stammklassen im integrierten Modell
24 für das Langzeitgymnasium",IDES-Kantonsumfrage,https://edudoc.ch/record/212251/files/043.pdf,IDES-Kantonsumfrage,Frage 76
LU,Weitere,Allokation auf verschiedene Anforderungsniveaus,,Klassengrösse,Maximale Klassengrösse,Maximale Klassengrösse,ja,,Niveau C,20.0,Schüler/innen,"24 für Niveau A und B (höhere bzw. erweiterte Anforderungen), 20 für Niveau C (grundlegende Anforderungen), 22 für Stammklassen im integrierten Modell
24 für das Langzeitgymnasium",IDES-Kantonsumfrage,https://edudoc.ch/record/212251/files/043.pdf,IDES-Kantonsumfrage,Frage 76
LU,Weitere,Allokation auf verschiedene Anforderungsniveaus,,Klassengrösse,Maximale Klassengrösse,Maximale Klassengrösse,ja,,Stammklassen integriertes Modell,22.0,Schüler/innen,"24 für Niveau A und B (höhere bzw. erweiterte Anforderungen), 20 für Niveau C (grundlegende Anforderungen), 22 für Stammklassen im integrierten Modell
24 für das Langzeitgymnasium",IDES-Kantonsumfrage,https://edudoc.ch/record/212251/files/043.pdf,IDES-Kantonsumfrage,Frage 76
LU,Weitere,Allokation auf verschiedene Anforderungsniveaus,,Klassengrösse,Maximale Klassengrösse,Maximale Klassengrösse,ja,,Langzeitgymnasium,24.0,Schüler/innen,"24 für Niveau A und B (höhere bzw. erweiterte Anforderungen), 20 für Niveau C (grundlegende Anforderungen), 22 für Stammklassen im integrierten Modell
24 für das Langzeitgymnasium",IDES-Kantonsumfrage,https://edudoc.ch/record/212251/files/043.pdf,IDES-Kantonsumfrage,Frage 76
NE,Weitere,Allokation auf verschiedene Anforderungsniveaus,,Klassengrösse,Maximale Klassengrösse,Maximale Klassengrösse,ja,,ganzer Kanton,25.0,Schüler/innen,25,IDES-Kantonsumfrage,https://edudoc.ch/record/212251/files/043.pdf,IDES-Kantonsumfrage,Frage 76
NW,Weitere,Allokation auf verschiedene Anforderungsniveaus,,Klassengrösse,Maximale Klassengrösse,Maximale Klassengrösse,ja,,ganzer Kanton,24.0,Schüler/innen,Werkschule: 12 (einklassige Abteilungen); 10 (mehrklassige Abteilungen) / Orientierungsschule: 24 (einklassige Abteilungen); 16 (mehrklassige Abteilungen),IDES-Kantonsumfrage,https://edudoc.ch/record/212251/files/043.pdf,IDES-Kantonsumfrage,Frage 76
OW,Weitere,Allokation auf verschiedene Anforderungsniveaus,,Klassengrösse,Maximale Klassengrösse,Maximale Klassengrösse,ja,,ganzer Kanton,26.0,Schüler/innen,26,IDES-Kantonsumfrage,https://edudoc.ch/record/212251/files/043.pdf,IDES-Kantonsumfrage,Frage 76
SG,Weitere,Allokation auf verschiedene Anforderungsniveaus,,Klassengrösse,Maximale Klassengrösse,Maximale Klassengrösse,ja,,ganzer Kanton,24.0,Schüler/innen,24,IDES-Kantonsumfrage,https://edudoc.ch/record/212251/files/043.pdf,IDES-Kantonsumfrage,Frage 76
SH,Weitere,Allokation auf verschiedene Anforderungsniveaus,,Klassengrösse,Maximale Klassengrösse,Maximale Klassengrösse,ja,,ganzer Kanton,24.0,Schüler/innen,Sekundarklassen (erweiterte Anforderungen) 24 Sch. ; Realklassen (Grundanforderungen) 20 Sch. ; gemischte Klassen: Sekundarklassen 22 Sch. ; Realklassen 18 Schüler; integrative Realklassen 18 Sch.,IDES-Kantonsumfrage,https://edudoc.ch/record/212251/files/043.pdf,IDES-Kantonsumfrage,Frage 76
SO,Weitere,Allokation auf verschiedene Anforderungsniveaus,,Klassengrösse,Maximale Klassengrösse,Maximale Klassengrösse,ja,,ganzer Kanton,26.0,Schüler/innen,Sek B 20; Sek E und P 26,IDES-Kantonsumfrage,https://edudoc.ch/record/212251/files/043.pdf,IDES-Kantonsumfrage,Frage 76
SO,Weitere,Allokation auf verschiedene Anforderungsniveaus,,Klassengrösse,Maximale Klassengrösse,Maximale Klassengrösse,ja,,Sek B,20.0,Schüler/innen,Sek B 20; Sek E und P 26,IDES-Kantonsumfrage,https://edudoc.ch/record/212251/files/043.pdf,IDES-Kantonsumfrage,Frage 76
SO,Weitere,Allokation auf verschiedene Anforderungsniveaus,,Klassengrösse,Maximale Klassengrösse,Maximale Klassengrösse,ja,,Sek E und P,26.0,Schüler/innen,Sek B 20; Sek E und P 26,IDES-Kantonsumfrage,https://edudoc.ch/record/212251/files/043.pdf,IDES-Kantonsumfrage,Frage 76
SZ,Weitere,Allokation auf verschiedene Anforderungsniveaus,,Klassengrösse,Maximale Klassengrösse,Maximale Klassengrösse,ja,,ganzer Kanton,25.0,Schüler/innen,Sekundarschule/Stammklasse A: 25; Realschule/Stammklasse B: 20; Besondere Klasse (Werkschule): 14,IDES-Kantonsumfrage,https://edudoc.ch/record/212251/files/043.pdf,IDES-Kantonsumfrage,Frage 76
SZ,Weitere,Allokation auf verschiedene Anforderungsniveaus,,Klassengrösse,Maximale Klassengrösse,Maximale Klassengrösse,ja,,Sekundarschule / Stammklasse A,25.0,Schüler/innen,Sekundarschule/Stammklasse A: 25; Realschule/Stammklasse B: 20; Besondere Klasse (Werkschule): 14,IDES-Kantonsumfrage,https://edudoc.ch/record/212251/files/043.pdf,IDES-Kantonsumfrage,Frage 76
SZ,Weitere,Allokation auf verschiedene Anforderungsniveaus,,Klassengrösse,Maximale Klassengrösse,Maximale Klassengrösse,ja,,Realschule / Stammklasse B,20.0,Schüler/innen,Sekundarschule/Stammklasse A: 25; Realschule/Stammklasse B: 20; Besondere Klasse (Werkschule): 14,IDES-Kantonsumfrage,https://edudoc.ch/record/212251/files/043.pdf,IDES-Kantonsumfrage,Frage 76
SZ,Weitere,Allokation auf verschiedene Anforderungsniveaus,,Klassengrösse,Maximale Klassengrösse,Maximale Klassengrösse,ja,,Besondere Klasse (Werkschule),14.0,Schüler/innen,Sekundarschule/Stammklasse A: 25; Realschule/Stammklasse B: 20; Besondere Klasse (Werkschule): 14,IDES-Kantonsumfrage,https://edudoc.ch/record/212251/files/043.pdf,IDES-Kantonsumfrage,Frage 76
TG,Weitere,Allokation auf verschiedene Anforderungsniveaus,,Klassengrösse,Maximale Klassengrösse,Maximale Klassengrösse,ja,,ganzer Kanton,28.0,Schüler/innen,28,IDES-Kantonsumfrage,https://edudoc.ch/record/212251/files/043.pdf,IDES-Kantonsumfrage,Frage 76
TI,Weitere,Allokation auf verschiedene Anforderungsniveaus,,Klassengrösse,Maximale Klassengrösse,Maximale Klassengrösse,ja,,ganzer Kanton,22.0,Schüler/innen,22,IDES-Kantonsumfrage,https://edudoc.ch/record/212251/files/043.pdf,IDES-Kantonsumfrage,Frage 76
UR,Weitere,Allokation auf verschiedene Anforderungsniveaus,,Klassengrösse,Maximale Klassengrösse,Maximale Klassengrösse,ja,,ganzer Kanton,24.0,Schüler/innen,einklassige Abteilungen: 24; zweiklassige Abteilungen 20,IDES-Kantonsumfrage,https://edudoc.ch/record/212251/files/043.pdf,IDES-Kantonsumfrage,Frage 76
UR,Weitere,Allokation auf verschiedene Anforderungsniveaus,,Klassengrösse,Maximale Klassengrösse,Maximale Klassengrösse,ja,,einklassige Abteilungen,24.0,Schüler/innen,einklassige Abteilungen: 24; zweiklassige Abteilungen 20,IDES-Kantonsumfrage,https://edudoc.ch/record/212251/files/043.pdf,IDES-Kantonsumfrage,Frage 76
UR,Weitere,Allokation auf verschiedene Anforderungsniveaus,,Klassengrösse,Maximale Klassengrösse,Maximale Klassengrösse,ja,,zweiklassige Abteilungen,20.0,Schüler/innen,einklassige Abteilungen: 24; zweiklassige Abteilungen 20,IDES-Kantonsumfrage,https://edudoc.ch/record/212251/files/043.pdf,IDES-Kantonsumfrage,Frage 76
VD,Weitere,Allokation auf verschiedene Anforderungsniveaus,,Klassengrösse,Maximale Klassengrösse,Maximale Klassengrösse,ja,,ganzer Kanton,26.0,Schüler/innen,"22 élèves en voie générale du degré secondaire, ainsi que dans les groupes de niveaux ; 26 élèves en voie prégymnasiale du degré secondaire. Remarques:
cohérence avec les réponses données pour les degrés primaires.",IDES-Kantonsumfrage,https://edudoc.ch/record/212251/files/043.pdf,IDES-Kantonsumfrage,Frage 76
VD,Weitere,Allokation auf verschiedene Anforderungsniveaus,,Klassengrösse,Maximale Klassengrösse,Maximale Klassengrösse,ja,,voie générale,22.0,Schüler/innen,"22 élèves en voie générale du degré secondaire, ainsi que dans les groupes de niveaux ; 26 élèves en voie prégymnasiale du degré secondaire. Remarques:
cohérence avec les réponses données pour les degrés primaires.",IDES-Kantonsumfrage,https://edudoc.ch/record/212251/files/043.pdf,IDES-Kantonsumfrage,Frage 76
VD,Weitere,Allokation auf verschiedene Anforderungsniveaus,,Klassengrösse,Maximale Klassengrösse,Maximale Klassengrösse,ja,,voie prégymnasiale,26.0,Schüler/innen,"22 élèves en voie générale du degré secondaire, ainsi que dans les groupes de niveaux ; 26 élèves en voie prégymnasiale du degré secondaire. Remarques:
cohérence avec les réponses données pour les degrés primaires.",IDES-Kantonsumfrage,https://edudoc.ch/record/212251/files/043.pdf,IDES-Kantonsumfrage,Frage 76
VS,Weitere,Allokation auf verschiedene Anforderungsniveaus,,Klassengrösse,Maximale Klassengrösse,Maximale Klassengrösse,ja,,ganzer Kanton,25.0,Schüler/innen,25,IDES-Kantonsumfrage,https://edudoc.ch/record/212251/files/043.pdf,IDES-Kantonsumfrage,Frage 76
ZG,Weitere,Allokation auf verschiedene Anforderungsniveaus,,Klassengrösse,Maximale Klassengrösse,Maximale Klassengrösse,ja,,ganzer Kanton,24.0,Schüler/innen,"Werkschule 12, Realschule 24, Sekundarschule 24, Gymnasien 24",IDES-Kantonsumfrage,https://edudoc.ch/record/212251/files/043.pdf,IDES-Kantonsumfrage,Frage 76
ZG,Weitere,Allokation auf verschiedene Anforderungsniveaus,,Klassengrösse,Maximale Klassengrösse,Maximale Klassengrösse,ja,,Werkschule,12.0,Schüler/innen,"Werkschule 12, Realschule 24, Sekundarschule 24, Gymnasien 24",IDES-Kantonsumfrage,https://edudoc.ch/record/212251/files/043.pdf,IDES-Kantonsumfrage,Frage 76
ZG,Weitere,Allokation auf verschiedene Anforderungsniveaus,,Klassengrösse,Maximale Klassengrösse,Maximale Klassengrösse,ja,,Realschule,24.0,Schüler/innen,"Werkschule 12, Realschule 24, Sekundarschule 24, Gymnasien 24",IDES-Kantonsumfrage,https://edudoc.ch/record/212251/files/043.pdf,IDES-Kantonsumfrage,Frage 76
ZG,Weitere,Allokation auf verschiedene Anforderungsniveaus,,Klassengrösse,Maximale Klassengrösse,Maximale Klassengrösse,ja,,Sekundarschule,24.0,Schüler/innen,"Werkschule 12, Realschule 24, Sekundarschule 24, Gymnasien 24",IDES-Kantonsumfrage,https://edudoc.ch/record/212251/files/043.pdf,IDES-Kantonsumfrage,Frage 76
ZG,Weitere,Allokation auf verschiedene Anforderungsniveaus,,Klassengrösse,Maximale Klassengrösse,Maximale Klassengrösse,ja,,Gymnasien,24.0,Schüler/innen,"Werkschule 12, Realschule 24, Sekundarschule 24, Gymnasien 24",IDES-Kantonsumfrage,https://edudoc.ch/record/212251/files/043.pdf,IDES-Kantonsumfrage,Frage 76
ZH,Weitere,Allokation auf verschiedene Anforderungsniveaus,,Klassengrösse,Maximale Klassengrösse,Maximale Klassengrösse,ja,,ganzer Kanton,25.0,Schüler/innen,"Bei Überschreitung der Richtgrössen (unten) um mehr als 3: zusätzliche Lektionen für Halbklassen oder Teamteaching oder
Teilung der Klasse.

Sek. A: einklassige Klasse 25, mehrklassige Klasse 23
Sek. B: einklassige Klasse 23, mehrklassige Klasse 21
Sek. C: einklassige Klasse 18, mehrklassige Klasse 16
Kombinierte Klassen:
Sek. A/B: einklassige Klasse 23
Sek. B/C: einklassige Klasse 18
Sek. A/B/C: einklassige Klasse 18",IDES-Kantonsumfrage,https://edudoc.ch/record/212251/files/043.pdf,IDES-Kantonsumfrage,Frage 76
